Workbook

Sheet SSS1 ATTENDANCE 
E1: TIMSATH MODERN SCHOOL
E2: NURSERY, PRIMARY, AND COLLEDE
E3: 29, SALAMI STREET, BOGIJE, IBEJU LEKKI, LAGOS.
E4: TEL. 08162280395, 08165051119
C5: First____________Term 20__25 Class SSS1 Department____________________
B6: D. A | C6: NO. | D6: NAME (In Mixed school,Girls in red ink) | E6: Number in Admission Register | F6: Age | G6: Date of Promotion to this class | I6: 1 Week ending……19TH SEPTEMBER ...... M T W TH F | S6: 2 Week ending….....26TH SEPTEMBER .... M T W TH F | AC6: 3 Week ending……3RD OCTOBER ...... M T W TH F | AM6: 4 Week ending….10TH OCTOBER......... M T W TH F | AW6: 5 Week ending……17TH OCTOBER....... M T W TH F | BG6: 6 Week ending24TH.. OCTOBER M T W TH F | BQ6: 7 Week ending…..31ST OCTOBER M T W TH F | CA6: 8 Week ending…7TH NOVEMBER M T W TH F | CK6: 9 Week ending…..14TH NOVEMBER. M T W TH F | CU6: 10 Week ending…21ST NOVEMBER.......... M T W TH F | DE6: 11 Week ending….28TH NOVEMBER. M T W TH F | DO6: 12 Week ending 5TH DECEMBER M T W TH F | DY6: 13 Week ending….12TH DECEMBER.. M T W TH F | EI6: 14 Week ending…19TH DECEMBER. M T W TH F | ES6: WEEKLY 1 2 3 4 5 6 7 8 9 10 11 12 13 14 | FG6: NO. | FH6: Total Attendance for term | FI6: Brought forward | FJ6: Total
D7: FOR BOYS ONLY | I7: 1 | J7: 1 | K7: 1 | L7: 1 | M7: 1 | N7: 1 | O7: 1 | P7: 1 | Q7: 1 | R7: 1 | S7: 1 | T7: 1 | U7: 1 | V7: 1 | W7: 1 | X7: 1 | Y7: 1 | Z7: 1 | AA7: 1 | AB7: 1 | AC7: 1 | AD7: 1 | AE7: 1 | AF7: 1 | AI7: 1 | AJ7: 1 | AK7: 1 | AL7: 1 | AM7: 1 | AN7: 1 | AO7: 1 | AP7: 1 | AQ7: 1 | AR7: 1 | AS7: 1 | AT7: 1 | AU7: 1 | AV7: 1 | AW7: 1 | AX7: 1 | AY7: 1 | AZ7: 1 | BA7: 1 | BB7: 1 | BC7: 1 | BD7: 1 | BE7: 1 | BF7: 1 | BG7: 1 | BH7: 1 | BI7: 1 | BJ7: 1 | BK7: 1 | BL7: 1 | BM7: 1 | BN7: 1 | BO7: 1 | BP7: 1 | BQ7: 1 | BR7: 1 | BS7: 1 | BT7: 1 | BU7: 1 | BV7: 1 | BW7: 1 | BX7: 1 | BY7: 1 | BZ7: 1 | CK7: 1 | CL7: 1 | CM7: 1 | CN7: 1 | CO7: 1 | CP7: 1 | CQ7: 1 | CR7: 1 | CS7: 1 | CT7: 1 | CU7: 1 | CV7: 1 | CW7: 1 | CX7: 1 | CY7: 1 | CZ7: 1 | DA7: 1 | DB7: 1 | DC7: 1 | DD7: 1 | DE7: 1 | DF7: 1 | DG7: 1 | DH7: 1 | DI7: 1 | DJ7: 1 | DK7: 1 | DL7: 1 | DM7: 1 | DN7: 1 | DO7: 1 | DP7: 1 | DQ7: 1 | DR7: 1 | DS7: 1 | DT7: 1 | DU7: 1 | DV7: 1 | DW7: 1 | DX7: 1 | DY7: 1 | DZ7: 1 | EA7: 1 | EB7: 1 | EC7: 1 | ED7: 1 | EE7: 1 | EF7: 1 | EG7: 1 | EH7: 1 | EI7: 1 | EJ7: 1 | EK7: 1 | EL7: 1 | EM7: 1 | EN7: 1 | EO7: 1 | EP7: 1 | EQ7: 1 | ER7: 1
B8: =IF(ISTEXT(D8),1,0) -> 1 | C8: =ROW(D1) -> 1 | D8: ADEBANJI ANUOLWA | G8: 45915 | I8: 0 | J8: 0 | K8: 1 | L8: 1 | M8: 1 | N8: 1 | O8: 1 | P8: 1 | Q8: 1 | R8: 1 | S8: 1 | T8: 1 | U8: 1 | V8: 1 | W8: 1 | X8: 1 | Y8: 1 | Z8: 1 | AA8: 1 | AB8: 1 | AC8: 1 | AD8: 1 | AE8: 1 | AF8: 1 | AI8: 1 | AJ8: 1 | AK8: 1 | AL8: 1 | AM8: 1 | AN8: 1 | AO8: 1 | AP8: 1 | AQ8: 1 | AR8: 1 | AS8: 1 | AT8: 1 | AU8: 1 | AV8: 1 | AW8: 1 | AX8: 1 | AY8: 1 | AZ8: 1 | BA8: 1 | BB8: 1 | BC8: 1 | BD8: 1 | BE8: 1 | BF8: 1 | BG8: 1 | BH8: 1 | BI8: 1 | BJ8: 1 | BK8: 1 | BL8: 1 | BM8: 1 | BN8: 1 | BO8: 1 | BP8: 1 | BQ8: 1 | BR8: 1 | BS8: 1 | BT8: 1 | BU8: 1 | BV8: 1 | BW8: 1 | BX8: 1 | BY8: 1 | BZ8: 1 | CK8: 1 | CL8: 1 | CM8: 1 | CN8: 1 | CO8: 1 | CP8: 1 | CQ8: 1 | CR8: 1 | CS8: 1 | CT8: 1 | CU8: 1 | CV8: 1 | CW8: 1 | CX8: 1 | CY8: 1 | CZ8: 1 | DA8: 1 | DB8: 1 | DC8: 1 | DD8: 1 | DE8: 1 | DF8: 1 | DG8: 1 | DH8: 1 | DI8: 1 | DJ8: 1 | DK8: 1 | DL8: 1 | DM8: 1 | DN8: 1 | DO8: 1 | DP8: 1 | DQ8: 1 | DR8: 1 | DS8: 1 | DT8: 1 | DU8: 1 | DV8: 1 | DW8: 1 | DX8: 1 | DY8: 1 | DZ8: 1 | EA8: 1 | EB8: 1 | EC8: 1 | ED8: 1 | EE8: 1 | EF8: 1 | EG8: 1 | EH8: 1 | EI8: 1 | EJ8: 1 | EK8: 1 | EL8: 1 | EM8: 1 | EN8: 1 | EO8: 1 | EP8: 1 | EQ8: 1 | ER8: 1 | ES8: =SUM(I9:R9) -> 8 | ET8: =SUM(S8:AB8) -> 10 | EU8: =SUM(AC8:AL8) -> 8 | EV8: =SUM(AM8:AV8) -> 10 | EW8: =SUM(BG8:BP8) -> 10 | EX8: =SUM(BQ8:BZ8) -> 10 | EY8: =SUM(BQ8:BZ8) -> 10 | EZ8: =SUM(CA8:CJ8) -> 0 | FA8: =SUM(CK8:CT8) -> 10 | FB8: =SUM(CU8:DD8) -> 10 | FC8: =SUM(DE8:DN8) -> 10 | FD8: =SUM(DO8:DX8) -> 10 | FE8: =SUM(DY8:EH8) -> 10 | FF8: =SUM(EI8:ER8) -> 10 | FG8: 1 | FH8: =SUM(ES8:FF8) -> 126 | FI8: =SUM(I7:ER7)-SUM(ES8:FF8) -> 2 | FJ8: =SUM(FH8:FI8) -> 128
B9: =IF(ISTEXT(D9),1,0) -> 1 | C9: =ROW(D2) -> 2 | D9: AEJOH DANIEL | G9: 45915 | I9: 0 | J9: 0 | K9: 1 | L9: 1 | M9: 1 | N9: 1 | O9: 1 | P9: 1 | Q9: 1 | R9: 1 | S9: 1 | T9: 1 | U9: 1 | V9: 1 | W9: 1 | X9: 1 | Y9: 1 | Z9: 1 | AA9: 1 | AB9: 1 | AC9: 1 | AD9: 1 | AE9: 1 | AF9: 1 | AI9: 1 | AJ9: 1 | AK9: 1 | AL9: 1 | AM9: 1 | AN9: 1 | AO9: 1 | AP9: 1 | AQ9: 1 | AR9: 1 | AS9: 1 | AT9: 1 | AU9: 1 | AV9: 1 | AW9: 1 | AX9: 1 | AY9: 1 | AZ9: 1 | BA9: 1 | BB9: 1 | BC9: 1 | BD9: 1 | BE9: 1 | BF9: 1 | BG9: 1 | BH9: 1 | BI9: 1 | BJ9: 1 | BK9: 1 | BL9: 1 | BM9: 1 | BN9: 1 | BO9: 1 | BP9: 1 | BQ9: 1 | BR9: 1 | BS9: 1 | BT9: 1 | BU9: 1 | BV9: 1 | BW9: 1 | BX9: 1 | BY9: 1 | BZ9: 1 | CK9: 1 | CL9: 1 | CM9: 1 | CN9: 1 | CO9: 1 | CP9: 1 | CQ9: 1 | CR9: 1 | CS9: 1 | CT9: 1 | CU9: 1 | CV9: 1 | CW9: 1 | CX9: 1 | CY9: 1 | CZ9: 1 | DA9: 1 | DB9: 1 | DC9: 1 | DD9: 1 | DE9: 1 | DF9: 1 | DG9: 1 | DH9: 1 | DI9: 1 | DJ9: 1 | DK9: 1 | DL9: 1 | DM9: 1 | DN9: 1 | DO9: 1 | DP9: 1 | DQ9: 1 | DR9: 1 | DS9: 1 | DT9: 1 | DU9: 1 | DV9: 1 | DW9: 1 | DX9: 1 | DY9: 1 | DZ9: 1 | EA9: 1 | EB9: 1 | EC9: 1 | ED9: 1 | EE9: 1 | EF9: 1 | EG9: 1 | EH9: 1 | EI9: 1 | EJ9: 1 | EK9: 1 | EL9: 1 | EM9: 1 | EN9: 1 | EO9: 1 | EP9: 1 | EQ9: 1 | ER9: 1 | ES9: =SUM(I10:R10) -> 8 | ET9: =SUM(S9:AB9) -> 10 | EU9: =SUM(AC9:AL9) -> 8 | EV9: =SUM(AM9:AV9) -> 10 | EW9: =SUM(BG9:BP9) -> 10 | EX9: =SUM(BG9:BP9) -> 10 | EY9: =SUM(BQ9:BZ9) -> 10 | EZ9: =SUM(CA9:CJ9) -> 0 | FA9: =SUM(CK9:CT9) -> 10 | FB9: =SUM(CU9:DD9) -> 10 | FC9: =SUM(DE9:DN9) -> 10 | FD9: =SUM(DO9:DX9) -> 10 | FE9: =SUM(DY9:EH9) -> 10 | FF9: =SUM(EI9:ER9) -> 10 | FG9: 2 | FH9: =SUM(ES9:FF9) -> 126 | FI9: =SUM(I7:ER7)-SUM(ES9:FF9) -> 2 | FJ9: =SUM(FH9:FI9) -> 128
B10: =IF(ISTEXT(D10),1,0) -> 1 | C10: =ROW(D3) -> 3 | D10: ARIYIBI JAMIU | G10: 45915 | I10: 0 | J10: 0 | K10: 1 | L10: 1 | M10: 1 | N10: 1 | O10: 1 | P10: 1 | Q10: 1 | R10: 1 | S10: 1 | T10: 1 | U10: 1 | V10: 1 | W10: 1 | X10: 1 | Y10: 1 | Z10: 1 | AA10: 1 | AB10: 1 | AC10: 1 | AD10: 1 | AE10: 1 | AF10: 1 | AI10: 1 | AJ10: 1 | AK10: 1 | AL10: 1 | AM10: 1 | AN10: 1 | AO10: 1 | AP10: 1 | AQ10: 1 | AR10: 1 | AS10: 1 | AT10: 1 | AU10: 1 | AV10: 1 | AW10: 1 | AX10: 1 | AY10: 1 | AZ10: 1 | BA10: 1 | BB10: 1 | BC10: 1 | BD10: 1 | BE10: 1 | BF10: 1 | BG10: 1 | BH10: 1 | BI10: 1 | BJ10: 1 | BK10: 1 | BL10: 1 | BM10: 1 | BN10: 1 | BO10: 1 | BP10: 1 | BQ10: 1 | BR10: 1 | BS10: 1 | BT10: 1 | BU10: 1 | BV10: 1 | BW10: 1 | BX10: 1 | BY10: 1 | BZ10: 1 | CK10: 1 | CL10: 1 | CM10: 1 | CN10: 1 | CO10: 1 | CP10: 1 | CQ10: 1 | CR10: 1 | CS10: 1 | CT10: 1 | CU10: 1 | CV10: 1 | CW10: 1 | CX10: 1 | CY10: 1 | CZ10: 1 | DA10: 1 | DB10: 1 | DC10: 1 | DD10: 1 | DE10: 1 | DF10: 1 | DG10: 1 | DH10: 1 | DI10: 1 | DJ10: 1 | DK10: 1 | DL10: 1 | DM10: 1 | DN10: 1 | DO10: 1 | DP10: 1 | DQ10: 1 | DR10: 1 | DS10: 1 | DT10: 1 | DU10: 1 | DV10: 1 | DW10: 1 | DX10: 1 | DY10: 1 | DZ10: 1 | EA10: 1 | EB10: 1 | EC10: 1 | ED10: 1 | EE10: 1 | EF10: 1 | EG10: 1 | EH10: 1 | EI10: 1 | EJ10: 1 | EK10: 1 | EL10: 1 | EM10: 1 | EN10: 1 | EO10: 1 | EP10: 1 | EQ10: 1 | ER10: 1 | ES10: =SUM(I11:R11) -> 6 | ET10: =SUM(S10:AB10) -> 10 | EU10: =SUM(AC10:AL10) -> 8 | EV10: =SUM(AM10:AV10) -> 10 | EW10: =SUM(BG10:BP10) -> 10 | EX10: =SUM(BG10:BP10) -> 10 | EY10: =SUM(BQ10:BZ10) -> 10 | EZ10: =SUM(CA10:CJ10) -> 0 | FA10: =SUM(CK10:CT10) -> 10 | FB10: =SUM(CU10:DD10) -> 10 | FC10: =SUM(DE10:DN10) -> 10 | FD10: =SUM(DO10:DX10) -> 10 | FE10: =SUM(DY10:EH10) -> 10 | FF10: =SUM(EI10:ER10) -> 10 | FG10: 3 | FH10: =SUM(ES10:FF10) -> 124 | FI10: =SUM(I7:ER7)-SUM(ES10:FF10) -> 4 | FJ10: =SUM(FH10:FI10) -> 128
B11: =IF(ISTEXT(D11),1,0) -> 1 | C11: =ROW(D4) -> 4 | D11: AGUGBOM DESTINY | G11: 45915 | I11: 1 | J11: 1 | K11: 0 | L11: 0 | M11: 1 | N11: 1 | O11: 1 | P11: 1 | Q11: 0 | R11: 0 | S11: 1 | T11: 1 | U11: 1 | V11: 1 | W11: 0 | X11: 0 | Y11: 1 | Z11: 1 | AA11: 1 | AB11: 1 | AC11: 0 | AD11: 0 | AE11: 0 | AF11: 0 | AI11: 1 | AJ11: 1 | AK11: 1 | AL11: 1 | AM11: 1 | AN11: 1 | AO11: 0 | AP11: 0 | AQ11: 1 | AR11: 1 | AS11: 0 | AT11: 0 | AU11: 1 | AV11: 1 | AW11: 1 | AX11: 1 | AY11: 1 | AZ11: 1 | BA11: 1 | BB11: 1 | BC11: 1 | BD11: 1 | BE11: 1 | BF11: 1 | BG11: 1 | BH11: 1 | BI11: 1 | BJ11: 1 | BK11: 1 | BL11: 1 | BM11: 1 | BN11: 1 | BO11: 1 | BP11: 1 | BQ11: 1 | BR11: 1 | BS11: 1 | BT11: 1 | BU11: 1 | BV11: 1 | BW11: 1 | BX11: 1 | BY11: 1 | BZ11: 1 | CK11: 1 | CL11: 1 | CM11: 1 | CN11: 1 | CO11: 1 | CP11: 1 | CQ11: 1 | CR11: 1 | CS11: 1 | CT11: 1 | CU11: 1 | CV11: 1 | CW11: 1 | CX11: 1 | CY11: 1 | CZ11: 1 | DA11: 1 | DB11: 1 | DC11: 1 | DD11: 1 | DE11: 1 | DF11: 1 | DG11: 1 | DH11: 1 | DI11: 1 | DJ11: 1 | DK11: 1 | DL11: 1 | DM11: 1 | DN11: 1 | DO11: 1 | DP11: 1 | DQ11: 1 | DR11: 1 | DS11: 1 | DT11: 1 | DU11: 1 | DV11: 1 | DW11: 1 | DX11: 1 | DY11: 1 | DZ11: 1 | EA11: 1 | EB11: 1 | EC11: 1 | ED11: 1 | EE11: 1 | EF11: 1 | EG11: 1 | EH11: 1 | EI11: 1 | EJ11: 1 | EK11: 1 | EL11: 1 | EM11: 1 | EN11: 1 | EO11: 1 | EP11: 1 | EQ11: 1 | ER11: 1 | ES11: =SUM(I12:R12) -> 10 | ET11: =SUM(S11:AB11) -> 8 | EU11: =SUM(AC11:AL11) -> 4 | EV11: =SUM(AM11:AV11) -> 6 | EW11: =SUM(BG11:BP11) -> 10 | EX11: =SUM(BG11:BP11) -> 10 | EY11: =SUM(BQ11:BZ11) -> 10 | EZ11: =SUM(CA11:CJ11) -> 0 | FA11: =SUM(CK11:CT11) -> 10 | FB11: =SUM(CU11:DD11) -> 10 | FC11: =SUM(DE11:DN11) -> 10 | FD11: =SUM(DO11:DX11) -> 10 | FE11: =SUM(DY11:EH11) -> 10 | FF11: =SUM(EI11:ER11) -> 10 | FG11: =ROW(FG9) -> 9 | FH11: =SUM(ES11:FF11) -> 118 | FI11: =SUM(I7:ER7)-SUM(ES11:FF11) -> 10 | FJ11: =SUM(FH11:FI11) -> 128
B12: =IF(ISTEXT(D12),1,0) -> 1 | C12: =ROW(D5) -> 5 | D12: ALLI ABDULRASAQ | G12: 45915 | I12: 1 | J12: 1 | K12: 1 | L12: 1 | M12: 1 | N12: 1 | O12: 1 | P12: 1 | Q12: 1 | R12: 1 | S12: 1 | T12: 1 | U12: 1 | V12: 1 | W12: 1 | X12: 1 | Y12: 1 | Z12: 1 | AA12: 1 | AB12: 1 | AC12: 1 | AD12: 1 | AE12: 1 | AF12: 1 | AI12: 1 | AJ12: 1 | AK12: 1 | AL12: 1 | AM12: 1 | AN12: 1 | AO12: 1 | AP12: 1 | AQ12: 1 | AR12: 1 | AS12: 1 | AT12: 1 | AU12: 1 | AV12: 1 | AW12: 1 | AX12: 1 | AY12: 1 | AZ12: 1 | BA12: 1 | BB12: 1 | BC12: 1 | BD12: 1 | BE12: 1 | BF12: 1 | BG12: 1 | BH12: 1 | BI12: 1 | BJ12: 1 | BK12: 1 | BL12: 1 | BM12: 1 | BN12: 1 | BO12: 1 | BP12: 1 | BQ12: 1 | BR12: 1 | BS12: 1 | BT12: 1 | BU12: 1 | BV12: 1 | BW12: 1 | BX12: 1 | BY12: 1 | BZ12: 1 | CK12: 1 | CL12: 1 | CM12: 1 | CN12: 1 | CO12: 1 | CP12: 1 | CQ12: 1 | CR12: 1 | CS12: 1 | CT12: 1 | CU12: 1 | CV12: 1 | CW12: 1 | CX12: 1 | CY12: 1 | CZ12: 1 | DA12: 1 | DB12: 1 | DC12: 1 | DD12: 1 | DE12: 1 | DF12: 1 | DG12: 1 | DH12: 1 | DI12: 1 | DJ12: 1 | DK12: 1 | DL12: 1 | DM12: 1 | DN12: 1 | DO12: 1 | DP12: 1 | DQ12: 1 | DR12: 1 | DS12: 1 | DT12: 1 | DU12: 1 | DV12: 1 | DW12: 1 | DX12: 1 | DY12: 1 | DZ12: 1 | EA12: 1 | EB12: 1 | EC12: 1 | ED12: 1 | EE12: 1 | EF12: 1 | EG12: 1 | EH12: 1 | EI12: 1 | EJ12: 1 | EK12: 1 | EL12: 1 | EM12: 1 | EN12: 1 | EO12: 1 | EP12: 1 | EQ12: 1 | ER12: 1 | ES12: =SUM(I13:R13) -> 8 | ET12: =SUM(S12:AB12) -> 10 | EU12: =SUM(AC12:AL12) -> 8 | EV12: =SUM(AM12:AV12) -> 10 | EW12: =SUM(BG12:BP12) -> 10 | EX12: =SUM(BG12:BP12) -> 10 | EY12: =SUM(BQ12:BZ12) -> 10 | EZ12: =SUM(CA12:CJ12) -> 0 | FA12: =SUM(CK12:CT12) -> 10 | FB12: =SUM(CU12:DD12) -> 10 | FC12: =SUM(DE12:DN12) -> 10 | FD12: =SUM(DO12:DX12) -> 10 | FE12: =SUM(DY12:EH12) -> 10 | FF12: =SUM(EI12:ER12) -> 10 | FG12: =ROW(FG10) -> 10 | FH12: =SUM(ES12:FF12) -> 126 | FI12: =SUM(I7:ER7)-SUM(ES12:FF12) -> 2 | FJ12: =SUM(FH12:FI12) -> 128
B13: =IF(ISTEXT(D13),1,0) -> 1 | C13: =ROW(D6) -> 6 | D13: AZEEZ JOSHUA | G13: 45915 | I13: 0 | J13: 0 | K13: 1 | L13: 1 | M13: 1 | N13: 1 | O13: 1 | P13: 1 | Q13: 1 | R13: 1 | S13: 1 | T13: 1 | U13: 1 | V13: 1 | W13: 1 | X13: 1 | Y13: 1 | Z13: 1 | AA13: 1 | AB13: 1 | AC13: 1 | AD13: 1 | AE13: 1 | AF13: 1 | AI13: 1 | AJ13: 1 | AK13: 1 | AL13: 1 | AM13: 1 | AN13: 1 | AO13: 1 | AP13: 1 | AQ13: 1 | AR13: 1 | AS13: 1 | AT13: 1 | AU13: 1 | AV13: 1 | AW13: 1 | AX13: 1 | AY13: 1 | AZ13: 1 | BA13: 1 | BB13: 1 | BC13: 1 | BD13: 1 | BE13: 1 | BF13: 1 | BG13: 1 | BH13: 1 | BI13: 1 | BJ13: 1 | BK13: 1 | BL13: 1 | BM13: 1 | BN13: 1 | BO13: 1 | BP13: 1 | BQ13: 1 | BR13: 1 | BS13: 1 | BT13: 1 | BU13: 1 | BV13: 1 | BW13: 1 | BX13: 1 | BY13: 1 | BZ13: 1 | CK13: 1 | CL13: 1 | CM13: 1 | CN13: 1 | CO13: 1 | CP13: 1 | CQ13: 1 | CR13: 1 | CS13: 1 | CT13: 1 | CU13: 1 | CV13: 1 | CW13: 1 | CX13: 1 | CY13: 1 | CZ13: 1 | DA13: 1 | DB13: 1 | DC13: 1 | DD13: 1 | DE13: 1 | DF13: 1 | DG13: 1 | DH13: 1 | DI13: 1 | DJ13: 1 | DK13: 1 | DL13: 1 | DM13: 1 | DN13: 1 | DO13: 1 | DP13: 1 | DQ13: 1 | DR13: 1 | DS13: 1 | DT13: 1 | DU13: 1 | DV13: 1 | DW13: 1 | DX13: 1 | DY13: 1 | DZ13: 1 | EA13: 1 | EB13: 1 | EC13: 1 | ED13: 1 | EE13: 1 | EF13: 1 | EG13: 1 | EH13: 1 | EI13: 1 | EJ13: 1 | EK13: 1 | EL13: 1 | EM13: 1 | EN13: 1 | EO13: 1 | EP13: 1 | EQ13: 1 | ER13: 1 | ES13: =SUM(I14:R14) -> 8 | ET13: =SUM(S13:AB13) -> 10 | EU13: =SUM(AC13:AL13) -> 8 | EV13: =SUM(AM13:AV13) -> 10 | EW13: =SUM(BG13:BP13) -> 10 | EX13: =SUM(BG13:BP13) -> 10 | EY13: =SUM(BQ13:BZ13) -> 10 | EZ13: =SUM(CA13:CJ13) -> 0 | FA13: =SUM(CK13:CT13) -> 10 | FB13: =SUM(CU13:DD13) -> 10 | FC13: =SUM(DE13:DN13) -> 10 | FD13: =SUM(DO13:DX13) -> 10 | FE13: =SUM(DY13:EH13) -> 10 | FF13: =SUM(EI13:ER13) -> 10 | FG13: =ROW(FG11) -> 11 | FH13: =SUM(ES13:FF13) -> 126 | FI13: =SUM(I7:ER7)-SUM(ES13:FF13) -> 2 | FJ13: =SUM(FH13:FI13) -> 128
B14: =IF(ISTEXT(D14),1,0) -> 1 | C14: =ROW(D7) -> 7 | D14: BAKARE FARUQ | G14: 45915 | I14: 0 | J14: 0 | K14: 1 | L14: 1 | M14: 1 | N14: 1 | O14: 1 | P14: 1 | Q14: 1 | R14: 1 | S14: 1 | T14: 1 | U14: 1 | V14: 1 | W14: 1 | X14: 1 | Y14: 1 | Z14: 1 | AA14: 1 | AB14: 1 | AC14: 1 | AD14: 1 | AE14: 1 | AF14: 1 | AI14: 1 | AJ14: 1 | AK14: 1 | AL14: 1 | AM14: 1 | AN14: 1 | AO14: 1 | AP14: 1 | AQ14: 1 | AR14: 1 | AS14: 1 | AT14: 1 | AU14: 1 | AV14: 1 | AW14: 1 | AX14: 1 | AY14: 1 | AZ14: 1 | BA14: 1 | BB14: 1 | BC14: 1 | BD14: 1 | BE14: 1 | BF14: 1 | BG14: 1 | BH14: 1 | BI14: 1 | BJ14: 1 | BK14: 1 | BL14: 1 | BM14: 1 | BN14: 1 | BO14: 1 | BP14: 1 | BQ14: 1 | BR14: 1 | BS14: 1 | BT14: 1 | BU14: 1 | BV14: 1 | BW14: 1 | BX14: 1 | BY14: 1 | BZ14: 1 | CK14: 1 | CL14: 1 | CM14: 1 | CN14: 1 | CO14: 1 | CP14: 1 | CQ14: 1 | CR14: 1 | CS14: 1 | CT14: 1 | CU14: 1 | CV14: 1 | CW14: 1 | CX14: 1 | CY14: 1 | CZ14: 1 | DA14: 1 | DB14: 1 | DC14: 1 | DD14: 1 | DE14: 1 | DF14: 1 | DG14: 1 | DH14: 1 | DI14: 1 | DJ14: 1 | DK14: 1 | DL14: 1 | DM14: 1 | DN14: 1 | DO14: 1 | DP14: 1 | DQ14: 1 | DR14: 1 | DS14: 1 | DT14: 1 | DU14: 1 | DV14: 1 | DW14: 1 | DX14: 1 | DY14: 1 | DZ14: 1 | EA14: 1 | EB14: 1 | EC14: 1 | ED14: 1 | EE14: 1 | EF14: 1 | EG14: 1 | EH14: 1 | EI14: 1 | EJ14: 1 | EK14: 1 | EL14: 1 | EM14: 1 | EN14: 1 | EO14: 1 | EP14: 1 | EQ14: 1 | ER14: 1 | ES14: =SUM(I15:R15) -> 0 | ET14: =SUM(S14:AB14) -> 10 | EU14: =SUM(AC14:AL14) -> 8 | EV14: =SUM(AM14:AV14) -> 10 | EW14: =SUM(BG14:BP14) -> 10 | EX14: =SUM(BG14:BP14) -> 10 | EY14: =SUM(BQ14:BZ14) -> 10 | EZ14: =SUM(CA14:CJ14) -> 0 | FA14: =SUM(CK14:CT14) -> 10 | FB14: =SUM(CU14:DD14) -> 10 | FC14: =SUM(DE14:DN14) -> 10 | FD14: =SUM(DO14:DX14) -> 10 | FE14: =SUM(DY14:EH14) -> 10 | FF14: =SUM(EI14:ER14) -> 10 | FG14: =ROW(FG12) -> 12 | FH14: =SUM(ES14:FF14) -> 118 | FI14: =SUM(I7:ER7)-SUM(ES14:FF14) -> 10 | FJ14: =SUM(FH14:FI14) -> 128
B15: =IF(ISTEXT(D15),1,0) -> 1 | C15: =ROW(D8) -> 8 | D15: BELLO MUIZ | G15: 45915 | I15: 0 | J15: 0 | K15: 0 | L15: 0 | M15: 0 | N15: 0 | O15: 0 | P15: 0 | Q15: 0 | R15: 0 | S15: 1 | T15: 1 | U15: 1 | V15: 1 | W15: 1 | X15: 1 | Y15: 1 | Z15: 1 | AA15: 1 | AB15: 1 | AC15: 1 | AD15: 1 | AE15: 1 | AF15: 1 | AI15: 1 | AJ15: 1 | AK15: 1 | AL15: 1 | AM15: 1 | AN15: 1 | AO15: 1 | AP15: 1 | AQ15: 1 | AR15: 1 | AS15: 1 | AT15: 1 | AU15: 1 | AV15: 1 | AW15: 1 | AX15: 1 | AY15: 1 | AZ15: 1 | BA15: 1 | BB15: 1 | BC15: 1 | BD15: 1 | BE15: 1 | BF15: 1 | BG15: 1 | BH15: 1 | BI15: 1 | BJ15: 1 | BK15: 1 | BL15: 1 | BM15: 1 | BN15: 1 | BO15: 1 | BP15: 1 | BQ15: 1 | BR15: 1 | BS15: 1 | BT15: 1 | BU15: 1 | BV15: 1 | BW15: 1 | BX15: 1 | BY15: 1 | BZ15: 1 | CK15: 1 | CL15: 1 | CM15: 1 | CN15: 1 | CO15: 1 | CP15: 1 | CQ15: 1 | CR15: 1 | CS15: 1 | CT15: 1 | CU15: 1 | CV15: 1 | CW15: 1 | CX15: 1 | CY15: 1 | CZ15: 1 | DA15: 1 | DB15: 1 | DC15: 1 | DD15: 1 | DE15: 1 | DF15: 1 | DG15: 1 | DH15: 1 | DI15: 1 | DJ15: 1 | DK15: 1 | DL15: 1 | DM15: 1 | DN15: 1 | DO15: 1 | DP15: 1 | DQ15: 1 | DR15: 1 | DS15: 1 | DT15: 1 | DU15: 1 | DV15: 1 | DW15: 1 | DX15: 1 | DY15: 1 | DZ15: 1 | EA15: 1 | EB15: 1 | EC15: 1 | ED15: 1 | EE15: 1 | EF15: 1 | EG15: 1 | EH15: 1 | EI15: 1 | EJ15: 1 | EK15: 1 | EL15: 1 | EM15: 1 | EN15: 1 | EO15: 1 | EP15: 1 | EQ15: 1 | ER15: 1 | ES15: =SUM(I16:R16) -> 0 | ET15: =SUM(S15:AB15) -> 10 | EU15: =SUM(AC15:AL15) -> 8 | EV15: =SUM(AM15:AV15) -> 10 | EW15: =SUM(BG15:BP15) -> 10 | EX15: =SUM(BG15:BP15) -> 10 | EY15: =SUM(BQ15:BZ15) -> 10 | EZ15: =SUM(CA15:CJ15) -> 0 | FA15: =SUM(CK15:CT15) -> 10 | FB15: =SUM(CU15:DD15) -> 10 | FC15: =SUM(DE15:DN15) -> 10 | FD15: =SUM(DO15:DX15) -> 10 | FE15: =SUM(DY15:EH15) -> 10 | FF15: =SUM(EI15:ER15) -> 10 | FG15: =ROW(FG13) -> 13 | FH15: =SUM(ES15:FF15) -> 118 | FI15: =SUM(I7:ER7)-SUM(ES15:FF15) -> 10 | FJ15: =SUM(FH15:FI15) -> 128
B16: =IF(ISTEXT(D16),1,0) -> 1 | C16: =ROW(D9) -> 9 | D16: CHUKWU GABRIEL | G16: 45915 | I16: 0 | J16: 0 | K16: 0 | L16: 0 | M16: 0 | N16: 0 | O16: 0 | P16: 0 | Q16: 0 | R16: 0 | S16: 0 | T16: 0 | U16: 1 | V16: 1 | W16: 1 | X16: 1 | Y16: 1 | Z16: 1 | AA16: 1 | AB16: 1 | AC16: 1 | AD16: 1 | AE16: 1 | AF16: 1 | AI16: 1 | AJ16: 1 | AK16: 1 | AL16: 1 | AM16: 1 | AN16: 1 | AO16: 1 | AP16: 1 | AQ16: 1 | AR16: 1 | AS16: 1 | AT16: 1 | AU16: 1 | AV16: 1 | AW16: 1 | AX16: 1 | AY16: 1 | AZ16: 1 | BA16: 1 | BB16: 1 | BC16: 1 | BD16: 1 | BE16: 1 | BF16: 1 | BG16: 1 | BH16: 1 | BI16: 1 | BJ16: 1 | BK16: 1 | BL16: 1 | BM16: 1 | BN16: 1 | BO16: 1 | BP16: 1 | BQ16: 1 | BR16: 1 | BS16: 1 | BT16: 1 | BU16: 1 | BV16: 1 | BW16: 1 | BX16: 1 | BY16: 1 | BZ16: 1 | CK16: 1 | CL16: 1 | CM16: 1 | CN16: 1 | CO16: 1 | CP16: 1 | CQ16: 1 | CR16: 1 | CS16: 1 | CT16: 1 | CU16: 1 | CV16: 1 | CW16: 1 | CX16: 1 | CY16: 1 | CZ16: 1 | DA16: 1 | DB16: 1 | DC16: 1 | DD16: 1 | DE16: 1 | DF16: 1 | DG16: 1 | DH16: 1 | DI16: 1 | DJ16: 1 | DK16: 1 | DL16: 1 | DM16: 1 | DN16: 1 | DO16: 1 | DP16: 1 | DQ16: 1 | DR16: 1 | DS16: 1 | DT16: 1 | DU16: 1 | DV16: 1 | DW16: 1 | DX16: 1 | DY16: 1 | DZ16: 1 | EA16: 1 | EB16: 1 | EC16: 1 | ED16: 1 | EE16: 1 | EF16: 1 | EG16: 1 | EH16: 1 | EI16: 1 | EJ16: 1 | EK16: 1 | EL16: 1 | EM16: 1 | EN16: 1 | EO16: 1 | EP16: 1 | EQ16: 1 | ER16: 1 | ES16: =SUM(I17:R17) -> 10 | ET16: =SUM(S16:AB16) -> 8 | EU16: =SUM(AC16:AL16) -> 8 | EV16: =SUM(AM16:AV16) -> 10 | EW16: =SUM(BG16:BP16) -> 10 | EX16: =SUM(BG16:BP16) -> 10 | EY16: =SUM(BQ16:BZ16) -> 10 | EZ16: =SUM(CA16:CJ16) -> 0 | FA16: =SUM(CK16:CT16) -> 10 | FB16: =SUM(CU16:DD16) -> 10 | FC16: =SUM(DE16:DN16) -> 10 | FD16: =SUM(DO16:DX16) -> 10 | FE16: =SUM(DY16:EH16) -> 10 | FF16: =SUM(EI16:ER16) -> 10 | FG16: =ROW(FG14) -> 14 | FH16: =SUM(ES16:FF16) -> 126 | FI16: =SUM(I7:ER7)-SUM(ES16:FF16) -> 2 | FJ16: =SUM(FH16:FI16) -> 128
B17: =IF(ISTEXT(D17),1,0) -> 1 | C17: =ROW(D10) -> 10 | D17: EMMANUEL SEGUN | G17: 45915 | I17: 1 | J17: 1 | K17: 1 | L17: 1 | M17: 1 | N17: 1 | O17: 1 | P17: 1 | Q17: 1 | R17: 1 | S17: 1 | T17: 1 | U17: 1 | V17: 1 | W17: 1 | X17: 1 | Y17: 1 | Z17: 1 | AA17: 1 | AB17: 1 | AC17: 1 | AD17: 1 | AE17: 1 | AF17: 1 | AI17: 1 | AJ17: 1 | AK17: 1 | AL17: 1 | AM17: 1 | AN17: 1 | AO17: 1 | AP17: 1 | AQ17: 1 | AR17: 1 | AS17: 1 | AT17: 1 | AU17: 1 | AV17: 1 | AW17: 1 | AX17: 1 | AY17: 1 | AZ17: 1 | BA17: 1 | BB17: 1 | BC17: 1 | BD17: 1 | BE17: 1 | BF17: 1 | BG17: 1 | BH17: 1 | BI17: 1 | BJ17: 1 | BK17: 1 | BL17: 1 | BM17: 1 | BN17: 1 | BO17: 1 | BP17: 1 | BQ17: 1 | BR17: 1 | BS17: 1 | BT17: 1 | BU17: 1 | BV17: 1 | BW17: 1 | BX17: 1 | BY17: 1 | BZ17: 1 | CK17: 1 | CL17: 1 | CM17: 1 | CN17: 1 | CO17: 1 | CP17: 1 | CQ17: 1 | CR17: 1 | CS17: 1 | CT17: 1 | CU17: 1 | CV17: 1 | CW17: 1 | CX17: 1 | CY17: 1 | CZ17: 1 | DA17: 1 | DB17: 1 | DC17: 1 | DD17: 1 | DE17: 1 | DF17: 1 | DG17: 1 | DH17: 1 | DI17: 1 | DJ17: 1 | DK17: 1 | DL17: 1 | DM17: 1 | DN17: 1 | DO17: 1 | DP17: 1 | DQ17: 1 | DR17: 1 | DS17: 1 | DT17: 1 | DU17: 1 | DV17: 1 | DW17: 1 | DX17: 1 | DY17: 1 | DZ17: 1 | EA17: 1 | EB17: 1 | EC17: 1 | ED17: 1 | EE17: 1 | EF17: 1 | EG17: 1 | EH17: 1 | EI17: 1 | EJ17: 1 | EK17: 1 | EL17: 1 | EM17: 1 | EN17: 1 | EO17: 1 | EP17: 1 | EQ17: 1 | ER17: 1 | ES17: =SUM(I18:R18) -> 10 | ET17: =SUM(S17:AB17) -> 10 | EU17: =SUM(AC17:AL17) -> 8 | EV17: =SUM(AM17:AV17) -> 10 | EW17: =SUM(BG17:BP17) -> 10 | EX17: =SUM(BG17:BP17) -> 10 | EY17: =SUM(BQ17:BZ17) -> 10 | EZ17: =SUM(CA17:CJ17) -> 0 | FA17: =SUM(CK17:CT17) -> 10 | FB17: =SUM(CU17:DD17) -> 10 | FC17: =SUM(DE17:DN17) -> 10 | FD17: =SUM(DO17:DX17) -> 10 | FE17: =SUM(DY17:EH17) -> 10 | FF17: =SUM(EI17:ER17) -> 10 | FG17: =ROW(FG15) -> 15 | FH17: =SUM(ES17:FF17) -> 128 | FI17: =SUM(I7:ER7)-SUM(ES17:FF17) -> 0 | FJ17: =SUM(FH17:FI17) -> 128
B18: =IF(ISTEXT(D18),1,0) -> 1 | C18: =ROW(D11) -> 11 | D18: EZE MICHEAL | G18: 45915 | I18: 1 | J18: 1 | K18: 1 | L18: 1 | M18: 1 | N18: 1 | O18: 1 | P18: 1 | Q18: 1 | R18: 1 | S18: 1 | T18: 1 | U18: 1 | V18: 1 | W18: 1 | X18: 1 | Y18: 1 | Z18: 1 | AA18: 1 | AB18: 1 | AC18: 1 | AD18: 1 | AE18: 1 | AF18: 1 | AI18: 1 | AJ18: 1 | AK18: 1 | AL18: 1 | AM18: 1 | AN18: 1 | AO18: 1 | AP18: 1 | AQ18: 1 | AR18: 1 | AS18: 0 | AT18: 0 | AU18: 0 | AV18: 0 | AW18: 1 | AX18: 1 | AY18: 1 | AZ18: 1 | BA18: 1 | BB18: 1 | BC18: 1 | BD18: 1 | BE18: 1 | BF18: 1 | BG18: 1 | BH18: 1 | BI18: 1 | BJ18: 1 | BK18: 1 | BL18: 1 | BM18: 1 | BN18: 1 | BO18: 1 | BP18: 1 | BQ18: 1 | BR18: 1 | BS18: 1 | BT18: 1 | BU18: 1 | BV18: 1 | BW18: 1 | BX18: 1 | BY18: 1 | BZ18: 1 | CK18: 1 | CL18: 1 | CM18: 1 | CN18: 1 | CO18: 1 | CP18: 1 | CQ18: 1 | CR18: 1 | CS18: 1 | CT18: 1 | CU18: 1 | CV18: 1 | CW18: 1 | CX18: 1 | CY18: 1 | CZ18: 1 | DA18: 1 | DB18: 1 | DC18: 1 | DD18: 1 | DE18: 1 | DF18: 1 | DG18: 1 | DH18: 1 | DI18: 1 | DJ18: 1 | DK18: 1 | DL18: 1 | DM18: 1 | DN18: 1 | DO18: 1 | DP18: 1 | DQ18: 1 | DR18: 1 | DS18: 1 | DT18: 1 | DU18: 1 | DV18: 1 | DW18: 1 | DX18: 1 | DY18: 0 | DZ18: 0 | EA18: 1 | EB18: 1 | EC18: 0 | ED18: 0 | EE18: 1 | EF18: 1 | EG18: 1 | EH18: 1 | EI18: 0 | EJ18: 0 | EK18: 0 | EL18: 0 | EM18: 0 | EN18: 0 | EO18: 0 | EP18: 0 | EQ18: 0 | ER18: 0 | ES18: =SUM(I19:R19) -> 2 | ET18: =SUM(S18:AB18) -> 10 | EU18: =SUM(AC18:AL18) -> 8 | EV18: =SUM(AM18:AV18) -> 6 | EW18: =SUM(BG18:BP18) -> 10 | EX18: =SUM(BG18:BP18) -> 10 | EY18: =SUM(BQ18:BZ18) -> 10 | EZ18: =SUM(CA18:CJ18) -> 0 | FA18: =SUM(CK18:CT18) -> 10 | FB18: =SUM(CU18:DD18) -> 10 | FC18: =SUM(DE18:DN18) -> 10 | FD18: =SUM(DO18:DX18) -> 10 | FE18: =SUM(DY18:EH18) -> 6 | FF18: =SUM(EI18:ER18) -> 0 | FG18: =ROW(FG16) -> 16 | FH18: =SUM(ES18:FF18) -> 102 | FI18: =SUM(I7:ER7)-SUM(ES18:FF18) -> 26 | FJ18: =SUM(FH18:FI18) -> 128
B19: =IF(ISTEXT(D19),1,0) -> 1 | C19: =ROW(D12) -> 12 | D19: FOLORUNSHO OLORUNWA | G19: 45915 | I19: 0 | J19: 0 | K19: 0 | L19: 0 | M19: 1 | N19: 1 | O19: 0 | P19: 0 | Q19: 0 | R19: O | S19: 1 | T19: 1 | U19: 1 | V19: 1 | W19: 1 | X19: 1 | Y19: 1 | Z19: 1 | AA19: 1 | AB19: 1 | AC19: 1 | AD19: 1 | AE19: 1 | AF19: 1 | AI19: 1 | AJ19: 1 | AK19: 0 | AL19: 0 | AM19: 1 | AN19: 1 | AO19: 1 | AP19: 1 | AQ19: 1 | AR19: 1 | AS19: 1 | AT19: 1 | AU19: 0 | AV19: 0 | AW19: 0 | AX19: 0 | AY19: 1 | AZ19: 1 | BA19: 1 | BB19: 1 | BC19: 1 | BD19: 1 | BE19: 1 | BF19: 1 | BG19: 1 | BH19: 1 | BI19: 1 | BJ19: 1 | BK19: 1 | BL19: 1 | BM19: 1 | BN19: 1 | BO19: 1 | BP19: 1 | BQ19: 1 | BR19: 1 | BS19: 1 | BT19: 1 | BU19: 1 | BV19: 1 | BW19: 1 | BX19: 1 | BY19: 1 | BZ19: 1 | CK19: 1 | CL19: 1 | CM19: 1 | CN19: 1 | CO19: 1 | CP19: 1 | CQ19: 1 | CR19: 1 | CS19: 1 | CT19: 1 | CU19: 1 | CV19: 1 | CW19: 1 | CX19: 1 | CY19: 1 | CZ19: 1 | DA19: 1 | DB19: 1 | DC19: 1 | DD19: 1 | DE19: 1 | DF19: 1 | DG19: 1 | DH19: 1 | DI19: 1 | DJ19: 1 | DK19: 1 | DL19: 1 | DM19: 1 | DN19: 1 | DO19: 1 | DP19: 1 | DQ19: 1 | DR19: 1 | DS19: 1 | DT19: 1 | DU19: 1 | DV19: 1 | DW19: 1 | DX19: 1 | DY19: 1 | DZ19: 1 | EA19: 1 | EB19: 1 | EC19: 1 | ED19: 1 | EE19: 1 | EF19: 1 | EG19: 1 | EH19: 1 | EI19: 1 | EJ19: 1 | EK19: 1 | EL19: 1 | EM19: 1 | EN19: 1 | EO19: 1 | EP19: 1 | EQ19: 1 | ER19: 1 | ES19: =SUM(I20:R20) -> 10 | ET19: =SUM(S19:AB19) -> 10 | EU19: =SUM(AC19:AL19) -> 6 | EV19: =SUM(AM19:AV19) -> 8 | EW19: =SUM(BG19:BP19) -> 10 | EX19: =SUM(BG19:BP19) -> 10 | EY19: =SUM(BQ19:BZ19) -> 10 | EZ19: =SUM(CA19:CJ19) -> 0 | FA19: =SUM(CK19:CT19) -> 10 | FB19: =SUM(CU19:DD19) -> 10 | FC19: =SUM(DE19:DN19) -> 10 | FD19: =SUM(DO19:DX19) -> 10 | FE19: =SUM(DY19:EH19) -> 10 | FF19: =SUM(EI19:ER19) -> 10 | FG19: =ROW(FG17) -> 17 | FH19: =SUM(ES19:FF19) -> 124 | FI19: =SUM(I7:ER7)-SUM(ES19:FF19) -> 4 | FJ19: =SUM(FH19:FI19) -> 128
B20: =IF(ISTEXT(D20),1,0) -> 1 | C20: =ROW(D13) -> 13 | D20: HADI ALAMEEN | G20: 45915 | I20: 1 | J20: 1 | K20: 1 | L20: 1 | M20: 1 | N20: 1 | O20: 1 | P20: 1 | Q20: 1 | R20: 1 | S20: 1 | T20: 1 | U20: 1 | V20: 1 | W20: 1 | X20: 1 | Y20: 1 | Z20: 1 | AA20: 1 | AB20: 1 | AC20: 1 | AD20: 1 | AE20: 1 | AF20: 1 | AI20: 1 | AJ20: 1 | AK20: 1 | AL20: 1 | AM20: 1 | AN20: 1 | AO20: 1 | AP20: 1 | AQ20: 1 | AR20: 1 | AS20: 1 | AT20: 1 | AU20: 1 | AV20: 1 | AW20: 1 | AX20: 1 | AY20: 1 | AZ20: 1 | BA20: 1 | BB20: 1 | BC20: 0 | BD20: 0 | BE20: 1 | BF20: 1 | BG20: 1 | BH20: 1 | BI20: 1 | BJ20: 1 | BK20: 1 | BL20: 1 | BM20: 1 | BN20: 1 | BO20: 1 | BP20: 1 | BQ20: 1 | BR20: 1 | BS20: 1 | BT20: 1 | BU20: 1 | BV20: 1 | BW20: 1 | BX20: 1 | BY20: 1 | BZ20: 1 | CK20: 1 | CL20: 1 | CM20: 1 | CN20: 1 | CO20: 1 | CP20: 1 | CQ20: 1 | CR20: 1 | CS20: 1 | CT20: 1 | CU20: 1 | CV20: 1 | CW20: 1 | CX20: 1 | CY20: 1 | CZ20: 1 | DA20: 1 | DB20: 1 | DC20: 1 | DD20: 1 | DE20: 1 | DF20: 1 | DG20: 1 | DH20: 1 | DI20: 1 | DJ20: 1 | DK20: 1 | DL20: 1 | DM20: 1 | DN20: 1 | DO20: 1 | DP20: 1 | DQ20: 1 | DR20: 1 | DS20: 1 | DT20: 1 | DU20: 1 | DV20: 1 | DW20: 1 | DX20: 1 | DY20: 1 | DZ20: 1 | EA20: 1 | EB20: 1 | EC20: 1 | ED20: 1 | EE20: 1 | EF20: 1 | EG20: 1 | EH20: 1 | EI20: 1 | EJ20: 1 | EK20: 1 | EL20: 1 | EM20: 1 | EN20: 1 | EO20: 1 | EP20: 1 | EQ20: 1 | ER20: 1 | ES20: =SUM(I21:R21) -> 6 | ET20: =SUM(S20:AB20) -> 10 | EU20: =SUM(AC20:AL20) -> 8 | EV20: =SUM(AM20:AV20) -> 10 | EW20: =SUM(BG20:BP20) -> 10 | EX20: =SUM(BG20:BP20) -> 10 | EY20: =SUM(BQ20:BZ20) -> 10 | EZ20: =SUM(CA20:CJ20) -> 0 | FA20: =SUM(CK20:CT20) -> 10 | FB20: =SUM(CU20:DD20) -> 10 | FC20: =SUM(DE20:DN20) -> 10 | FD20: =SUM(DO20:DX20) -> 10 | FE20: =SUM(DY20:EH20) -> 10 | FF20: =SUM(EI20:ER20) -> 10 | FG20: =ROW(FG18) -> 18 | FH20: =SUM(ES20:FF20) -> 124 | FI20: =SUM(I7:ER7)-SUM(ES20:FF20) -> 4 | FJ20: =SUM(FH20:FI20) -> 128
B21: =IF(ISTEXT(D21),1,0) -> 1 | C21: =ROW(D14) -> 14 | D21: HONNOUN AYOMIDE | G21: 45915 | I21: 0 | J21: 0 | K21: 0 | L21: 0 | M21: 1 | N21: 1 | O21: 1 | P21: 1 | Q21: 1 | R21: 1 | S21: 1 | T21: 1 | U21: 1 | V21: 1 | W21: 1 | X21: 1 | Y21: 1 | Z21: 1 | AA21: 1 | AB21: 1 | AC21: 1 | AD21: 1 | AE21: 1 | AF21: 1 | AI21: 1 | AJ21: 1 | AK21: 1 | AL21: 1 | AM21: 1 | AN21: 1 | AO21: 1 | AP21: 1 | AQ21: 1 | AR21: 1 | AS21: 1 | AT21: 1 | AU21: 1 | AV21: 1 | AW21: 1 | AX21: 1 | AY21: 1 | AZ21: 1 | BA21: 1 | BB21: 1 | BC21: 1 | BD21: 1 | BE21: 1 | BF21: 1 | BG21: 1 | BH21: 1 | BI21: 1 | BJ21: 1 | BK21: 1 | BL21: 1 | BM21: 1 | BN21: 1 | BO21: 1 | BP21: 1 | BQ21: 1 | BR21: 1 | BS21: 1 | BT21: 1 | BU21: 1 | BV21: 1 | BW21: 1 | BX21: 1 | BY21: 1 | BZ21: 1 | CK21: 1 | CL21: 1 | CM21: 1 | CN21: 1 | CO21: 1 | CP21: 1 | CQ21: 1 | CR21: 1 | CS21: 1 | CT21: 1 | CU21: 1 | CV21: 1 | CW21: 1 | CX21: 1 | CY21: 1 | CZ21: 1 | DA21: 1 | DB21: 1 | DC21: 1 | DD21: 1 | DE21: 1 | DF21: 1 | DG21: 1 | DH21: 1 | DI21: 1 | DJ21: 1 | DK21: 1 | DL21: 1 | DM21: 1 | DN21: 1 | DO21: 1 | DP21: 1 | DQ21: 1 | DR21: 1 | DS21: 1 | DT21: 1 | DU21: 1 | DV21: 1 | DW21: 1 | DX21: 1 | DY21: 1 | DZ21: 1 | EA21: 1 | EB21: 1 | EC21: 1 | ED21: 1 | EE21: 1 | EF21: 1 | EG21: 1 | EH21: 1 | EI21: 1 | EJ21: 1 | EK21: 1 | EL21: 1 | EM21: 1 | EN21: 1 | EO21: 1 | EP21: 1 | EQ21: 1 | ER21: 1 | ES21: =SUM(I22:R22) -> 8 | ET21: 10 | EU21: =SUM(AC21:AL21) -> 8 | EV21: =SUM(AM21:AV21) -> 10 | EW21: =SUM(BG21:BP21) -> 10 | EX21: =SUM(BG21:BP21) -> 10 | EY21: =SUM(BQ21:BZ21) -> 10 | EZ21: =SUM(CA21:CJ21) -> 0 | FA21: =SUM(CK21:CT21) -> 10 | FB21: =SUM(CU21:DD21) -> 10 | FC21: =SUM(DE21:DN21) -> 10 | FD21: =SUM(DO21:DX21) -> 10 | FE21: =SUM(DY21:EH21) -> 10 | FF21: =SUM(EI21:ER21) -> 10 | FG21: =ROW(FG19) -> 19 | FH21: =SUM(ES21:FF21) -> 126 | FI21: =SUM(I7:ER7)-SUM(ES21:FF21) -> 2 | FJ21: =SUM(FH21:FI21) -> 128
B22: =IF(ISTEXT(D22),1,0) -> 1 | C22: =ROW(D15) -> 15 | D22: IYIOLA QUADRI | G22: 45915 | I22: 0 | J22: 0 | K22: 1 | L22: 1 | M22: 1 | N22: 1 | O22: 1 | P22: 1 | Q22: 1 | R22: 1 | S22: 1 | T22: 1 | U22: 1 | V22: 1 | W22: 1 | X22: 1 | Y22: 1 | Z22: 1 | AA22: 1 | AB22: 1 | AC22: 1 | AD22: 1 | AE22: 1 | AF22: 1 | AI22: 1 | AJ22: 1 | AK22: 1 | AL22: 1 | AM22: 1 | AN22: 1 | AO22: 1 | AP22: 1 | AQ22: 1 | AR22: 1 | AS22: 1 | AT22: 1 | AU22: 1 | AV22: 1 | AW22: 1 | AX22: 1 | AY22: 1 | AZ22: 1 | BA22: 1 | BB22: 1 | BC22: 1 | BD22: 1 | BE22: 1 | BF22: 1 | BG22: 1 | BH22: 1 | BI22: 1 | BJ22: 1 | BK22: 1 | BL22: 1 | BM22: 1 | BN22: 1 | BO22: 1 | BP22: 1 | BQ22: 1 | BR22: 1 | BS22: 1 | BT22: 1 | BU22: 1 | BV22: 1 | BW22: 1 | BX22: 1 | BY22: 1 | BZ22: 1 | CK22: 1 | CL22: 1 | CM22: 1 | CN22: 1 | CO22: 1 | CP22: 1 | CQ22: 1 | CR22: 1 | CS22: 1 | CT22: 1 | CU22: 1 | CV22: 1 | CW22: 1 | CX22: 1 | CY22: 1 | CZ22: 1 | DA22: 1 | DB22: 1 | DC22: 1 | DD22: 1 | DE22: 1 | DF22: 1 | DG22: 1 | DH22: 1 | DI22: 1 | DJ22: 1 | DK22: 1 | DL22: 1 | DM22: 1 | DN22: 1 | DO22: 1 | DP22: 1 | DQ22: 1 | DR22: 1 | DS22: 1 | DT22: 1 | DU22: 1 | DV22: 1 | DW22: 1 | DX22: 1 | DY22: 1 | DZ22: 1 | EA22: 1 | EB22: 1 | EC22: 1 | ED22: 1 | EE22: 1 | EF22: 1 | EG22: 1 | EH22: 1 | EI22: 1 | EJ22: 1 | EK22: 1 | EL22: 1 | EM22: 1 | EN22: 1 | EO22: 1 | EP22: 1 | EQ22: 1 | ER22: 1 | ES22: =SUM(I23:R23) -> 0 | ET22: =SUM(S22:AB22) -> 10 | EU22: =SUM(AC22:AL22) -> 8 | EV22: =SUM(AM22:AV22) -> 10 | EW22: =SUM(BG22:BP22) -> 10 | EX22: =SUM(BG22:BP22) -> 10 | EY22: =SUM(BQ22:BZ22) -> 10 | EZ22: =SUM(CA22:CJ22) -> 0 | FA22: =SUM(CK22:CT22) -> 10 | FB22: =SUM(CU22:DD22) -> 10 | FC22: =SUM(DE22:DN22) -> 10 | FD22: =SUM(DO22:DX22) -> 10 | FE22: =SUM(DY22:EH22) -> 10 | FF22: =SUM(EI22:ER22) -> 10 | FG22: =ROW(FG20) -> 20 | FH22: =SUM(ES22:FF22) -> 118 | FI22: =SUM(I7:ER7)-SUM(ES22:FF22) -> 10 | FJ22: =SUM(FH22:FI22) -> 128
B23: =IF(ISTEXT(D23),1,0) -> 1 | C23: =ROW(D16) -> 16 | D23: JEGEDI SAMUEL | G23: 45915 | I23: 0 | J23: 0 | K23: 0 | L23: 0 | M23: 0 | N23: 0 | O23: 0 | P23: 0 | Q23: 0 | R23: 0 | S23: 1 | T23: 1 | U23: 1 | V23: 1 | W23: 1 | X23: 1 | Y23: 1 | Z23: 1 | AA23: 1 | AB23: 1 | AC23: 1 | AD23: 1 | AE23: 1 | AF23: 1 | AI23: 1 | AJ23: 1 | AK23: 1 | AL23: 1 | AM23: 1 | AN23: 1 | AO23: 0 | AP23: 0 | AQ23: 1 | AR23: 1 | AS23: 1 | AT23: 1 | AU23: 0 | AV23: 0 | AW23: 0 | AX23: 0 | AY23: 0 | AZ23: 0 | BA23: 1 | BB23: 1 | BC23: 1 | BD23: 1 | BE23: 1 | BF23: 1 | BG23: 1 | BH23: 1 | BI23: 1 | BJ23: 1 | BK23: 1 | BL23: 1 | BM23: 1 | BN23: 1 | BO23: 1 | BP23: 1 | BQ23: 1 | BR23: 1 | BS23: 1 | BT23: 1 | BU23: 1 | BV23: 1 | BW23: 1 | BX23: 1 | BY23: 1 | BZ23: 1 | CK23: 1 | CL23: 1 | CM23: 1 | CN23: 1 | CO23: 1 | CP23: 1 | CQ23: 1 | CR23: 1 | CS23: 1 | CT23: 1 | CU23: 1 | CV23: 1 | CW23: 1 | CX23: 1 | CY23: 1 | CZ23: 1 | DA23: 1 | DB23: 1 | DC23: 1 | DD23: 1 | DE23: 1 | DF23: 1 | DG23: 1 | DH23: 1 | DI23: 0 | DJ23: 0 | DK23: 0 | DL23: 0 | DM23: 0 | DN23: 0 | DO23: 1 | DP23: 1 | DQ23: 0 | DR23: 0 | DS23: 0 | DT23: 0 | DU23: 1 | DV23: 1 | DW23: 1 | DX23: 1 | DY23: 1 | DZ23: 1 | EA23: 1 | EB23: 1 | EC23: 1 | ED23: 1 | EE23: 1 | EF23: 1 | EG23: 1 | EH23: 1 | EI23: 1 | EJ23: 1 | EK23: 1 | EL23: 1 | EM23: 1 | EN23: 1 | EO23: 1 | EP23: 1 | EQ23: 1 | ER23: 1 | ES23: =SUM(I24:R24) -> 6 | ET23: =SUM(S23:AB23) -> 10 | EU23: =SUM(AC23:AL23) -> 8 | EV23: =SUM(AM23:AV23) -> 6 | EW23: =SUM(BG23:BP23) -> 10 | EX23: =SUM(BG23:BP23) -> 10 | EY23: =SUM(BQ23:BZ23) -> 10 | EZ23: =SUM(CA23:CJ23) -> 0 | FA23: =SUM(CK23:CT23) -> 10 | FB23: =SUM(CU23:DD23) -> 10 | FC23: =SUM(DE23:DN23) -> 4 | FD23: =SUM(DO23:DX23) -> 6 | FE23: =SUM(DY23:EH23) -> 10 | FF23: =SUM(EI23:ER23) -> 10 | FG23: =ROW(FG21) -> 21 | FH23: =SUM(ES23:FF23) -> 110 | FI23: =SUM(I7:ER7)-SUM(ES23:FF23) -> 18 | FJ23: =SUM(FH23:FI23) -> 128
B24: =IF(ISTEXT(D24),1,0) -> 1 | C24: =ROW(D17) -> 17 | D24: NOSIRUDEEN MALIK | G24: 45915 | I24: 0 | J24: 0 | K24: 0 | L24: 0 | M24: 1 | N24: 1 | O24: 1 | P24: 1 | Q24: 1 | R24: 1 | S24: 1 | T24: 1 | U24: 1 | V24: 1 | W24: 1 | X24: 1 | Y24: 1 | Z24: 1 | AA24: 1 | AB24: 1 | AC24: 1 | AD24: 1 | AE24: 1 | AF24: 1 | AI24: 1 | AJ24: 1 | AK24: 1 | AL24: 1 | AM24: 1 | AN24: 1 | AO24: 1 | AP24: 1 | AQ24: 1 | AR24: 1 | AS24: 1 | AT24: 1 | AU24: 1 | AV24: 1 | AW24: 1 | AX24: 1 | AY24: 1 | AZ24: 1 | BA24: 1 | BB24: 1 | BC24: 1 | BD24: 1 | BE24: 1 | BF24: 1 | BG24: 1 | BH24: 1 | BI24: 1 | BJ24: 1 | BK24: 1 | BL24: 1 | BM24: 1 | BN24: 1 | BO24: 1 | BP24: 1 | BQ24: 1 | BR24: 1 | BS24: 1 | BT24: 1 | BU24: 1 | BV24: 1 | BW24: 1 | BX24: 1 | BY24: 1 | BZ24: 1 | CK24: 1 | CL24: 1 | CM24: 1 | CN24: 1 | CO24: 1 | CP24: 1 | CQ24: 1 | CR24: 1 | CS24: 1 | CT24: 1 | CU24: 0 | CV24: 0 | CW24: 0 | CX24: 0 | CY24: 0 | CZ24: 0 | DA24: 1 | DB24: 1 | DC24: 1 | DD24: 1 | DE24: 1 | DF24: 1 | DG24: 1 | DH24: 1 | DI24: 1 | DJ24: 1 | DK24: 1 | DL24: 1 | DM24: 1 | DN24: 1 | DO24: 1 | DP24: 1 | DQ24: 1 | DR24: 1 | DS24: 1 | DT24: 1 | DU24: 1 | DV24: 1 | DW24: 1 | DX24: 1 | DY24: 1 | DZ24: 1 | EA24: 1 | EB24: 1 | EC24: 1 | ED24: 1 | EE24: 1 | EF24: 1 | EG24: 1 | EH24: 1 | EI24: 1 | EJ24: 1 | EK24: 1 | EL24: 1 | EM24: 1 | EN24: 1 | EO24: 1 | EP24: 1 | EQ24: 1 | ER24: 1 | ES24: =SUM(I25:R25) -> 8 | ET24: =SUM(S24:AB24) -> 10 | EU24: =SUM(AC24:AL24) -> 8 | EV24: =SUM(AM24:AV24) -> 10 | EW24: =SUM(BG24:BP24) -> 10 | EX24: =SUM(BG24:BP24) -> 10 | EY24: =SUM(BQ24:BZ24) -> 10 | EZ24: =SUM(CA24:CJ24) -> 0 | FA24: =SUM(CK24:CT24) -> 10 | FB24: =SUM(CU24:DD24) -> 4 | FC24: =SUM(DE24:DN24) -> 10 | FD24: =SUM(DO24:DX24) -> 10 | FE24: =SUM(DY24:EH24) -> 10 | FF24: =SUM(EI24:ER24) -> 10 | FG24: =ROW(FG22) -> 22 | FH24: =SUM(ES24:FF24) -> 120 | FI24: =SUM(I7:ER7)-SUM(ES24:FF24) -> 8 | FJ24: =SUM(FH24:FI24) -> 128
B25: =IF(ISTEXT(D25),1,0) -> 1 | C25: 18 | D25: NOSIRUDEEN USMAN | G25: 45915 | I25: 0 | J25: 0 | K25: 1 | L25: 1 | M25: 1 | N25: 1 | O25: 1 | P25: 1 | Q25: 1 | R25: 1 | S25: 1 | T25: 1 | U25: 0 | V25: 0 | W25: 1 | X25: 1 | Y25: 1 | Z25: 1 | AA25: 1 | AB25: 1 | AC25: 1 | AD25: 1 | AE25: 1 | AF25: 1 | AI25: 1 | AJ25: 1 | AK25: 1 | AL25: 1 | AM25: 1 | AN25: 1 | AO25: 1 | AP25: 1 | AQ25: 1 | AR25: 1 | AS25: 1 | AT25: 1 | AU25: 1 | AV25: 1 | AW25: 1 | AX25: 1 | AY25: 1 | AZ25: 1 | BA25: 1 | BB25: 1 | BC25: 1 | BD25: 1 | BE25: 1 | BF25: 1 | BG25: 1 | BH25: 1 | BI25: 1 | BJ25: 1 | BK25: 1 | BL25: 1 | BM25: 1 | BN25: 1 | BO25: 1 | BP25: 1 | BQ25: 1 | BR25: 1 | BS25: 1 | BT25: 1 | BU25: 1 | BV25: 1 | BW25: 1 | BX25: 1 | BY25: 1 | BZ25: 1 | CK25: 1 | CL25: 1 | CM25: 1 | CN25: 1 | CO25: 1 | CP25: 1 | CQ25: 1 | CR25: 1 | CS25: 1 | CT25: 1 | CU25: 0 | CV25: 0 | CW25: 0 | CX25: 0 | CY25: 0 | CZ25: 0 | DA25: 1 | DB25: 1 | DC25: 1 | DD25: 1 | DE25: 1 | DF25: 1 | DG25: 1 | DH25: 1 | DI25: 1 | DJ25: 1 | DK25: 1 | DL25: 1 | DM25: 1 | DN25: 1 | DO25: 1 | DP25: 1 | DQ25: 1 | DR25: 1 | DS25: 1 | DT25: 1 | DU25: 1 | DV25: 1 | DW25: 1 | DX25: 1 | DY25: 1 | DZ25: 1 | EA25: 1 | EB25: 1 | EC25: 1 | ED25: 1 | EE25: 1 | EF25: 1 | EG25: 1 | EH25: 1 | EI25: 1 | EJ25: 1 | EK25: 1 | EL25: 1 | EM25: 1 | EN25: 1 | EO25: 1 | EP25: 1 | EQ25: 1 | ER25: 1 | ES25: =SUM(I26:R26) -> 0 | ET25: =SUM(S25:AB25) -> 8 | EU25: =SUM(AC25:AL25) -> 8 | EV25: =SUM(AM25:AV25) -> 10 | EW25: =SUM(BG25:BP25) -> 10 | EX25: =SUM(BG25:BP25) -> 10 | EY25: =SUM(BQ25:BZ25) -> 10 | EZ25: =SUM(CA25:CJ25) -> 0 | FA25: =SUM(CK25:CT25) -> 10 | FB25: =SUM(CU25:DD25) -> 4 | FC25: =SUM(DE25:DN25) -> 10 | FD25: =SUM(DO25:DX25) -> 10 | FE25: =SUM(DY25:EH25) -> 10 | FF25: =SUM(EI25:ER25) -> 10 | FG25: =ROW(FG23) -> 23 | FH25: =SUM(ES25:FF25) -> 110 | FI25: =SUM(I7:ER7)-SUM(ES25:FF25) -> 18 | FJ25: =SUM(FH25:FI25) -> 128
B26: =IF(ISTEXT(D26),1,0) -> 1 | C26: 19 | D26: OKORIE DOMINION | G26: 45915 | I26: 0 | J26: 0 | K26: 0 | L26: 0 | M26: 0 | N26: 0 | O26: 0 | P26: 0 | Q26: 0 | R26: 0 | S26: 0 | T26: 0 | U26: 0 | V26: 0 | W26: 1 | X26: 1 | Y26: 1 | Z26: 1 | AA26: 1 | AB26: 1 | AC26: 1 | AD26: 1 | AE26: 1 | AF26: 1 | AI26: 0 | AJ26: 0 | AK26: 0 | AL26: 0 | AM26: 0 | AN26: 0 | AO26: 0 | AP26: 0 | AQ26: 0 | AR26: 0 | AS26: 0 | AT26: 0 | AU26: 1 | AV26: 1 | AW26: 0 | AX26: 0 | AY26: 0 | AZ26: 0 | BA26: 0 | BB26: 0 | BC26: 0 | BD26: 0 | BE26: 0 | BF26: 0 | BG26: 0 | BH26: 0 | BI26: 0 | BJ26: 0 | BK26: 0 | BL26: 0 | BM26: 0 | BN26: 0 | BO26: 0 | BP26: 0 | BQ26: 0 | BR26: 0 | BS26: 0 | BT26: 0 | BU26: 0 | BV26: 0 | BW26: 0 | BX26: 0 | BY26: 0 | BZ26: 0 | CK26: 0 | CL26: 0 | CM26: 0 | CN26: 0 | CO26: 0 | CP26: 0 | CQ26: 0 | CR26: 0 | CS26: 0 | CT26: 0 | CU26: 0 | CV26: 0 | CW26: 0 | CX26: 0 | CY26: 0 | CZ26: 0 | DA26: 0 | DB26: 0 | DC26: 0 | DD26: 0 | DE26: 0 | DF26: 0 | DG26: 0 | DH26: 0 | DI26: 0 | DJ26: 0 | DK26: 0 | DL26: 0 | DM26: 0 | DN26: 0 | DO26: 0 | DP26: 0 | DQ26: 0 | DR26: 0 | DS26: 0 | DT26: 0 | DU26: 0 | DV26: 0 | DW26: 0 | DX26: 0 | DY26: 0 | DZ26: 0 | EA26: 0 | EB26: 0 | EC26: 0 | ED26: 0 | EE26: 0 | EF26: 0 | EG26: 0 | EH26: 0 | EI26: 0 | EJ26: 0 | EK26: 0 | EL26: 0 | EM26: 0 | EN26: 0 | EO26: 0 | EP26: 0 | EQ26: 0 | ER26: 0 | ES26: =SUM(I27:R27) -> 10 | ET26: =SUM(S26:AB26) -> 6 | EU26: =SUM(AC26:AL26) -> 4 | EV26: =SUM(AM26:AV26) -> 2 | EW26: =SUM(BG26:BP26) -> 0 | EX26: =SUM(BG26:BP26) -> 0 | EY26: =SUM(BQ26:BZ26) -> 0 | EZ26: =SUM(CA26:CJ26) -> 0 | FA26: =SUM(CK26:CT26) -> 0 | FB26: =SUM(CU26:DD26) -> 0 | FC26: =SUM(DE26:DN26) -> 0 | FD26: =SUM(DO26:DX26) -> 0 | FE26: =SUM(DY26:EH26) -> 0 | FF26: =SUM(EI26:ER26) -> 0 | FG26: =ROW(FG24) -> 24 | FH26: =SUM(ES26:FF26) -> 22 | FI26: =SUM(I7:ER7)-SUM(ES26:FF26) -> 106 | FJ26: =SUM(FH26:FI26) -> 128
B27: =IF(ISTEXT(D27),1,0) -> 1 | C27: 20 | D27: ONI ISREAL | G27: 45915 | I27: 1 | J27: 1 | K27: 1 | L27: 1 | M27: 1 | N27: 1 | O27: 1 | P27: 1 | Q27: 1 | R27: 1 | S27: 1 | T27: 1 | U27: 1 | V27: 1 | W27: 1 | X27: 1 | Y27: 1 | Z27: 1 | AA27: 1 | AB27: 1 | AC27: 1 | AD27: 1 | AE27: 1 | AF27: 1 | AI27: 1 | AJ27: 1 | AK27: 1 | AL27: 1 | AM27: 1 | AN27: 1 | AO27: 1 | AP27: 1 | AQ27: 1 | AR27: 1 | AS27: 1 | AT27: 1 | AU27: 1 | AV27: 1 | AW27: 1 | AX27: 1 | AY27: 1 | AZ27: 1 | BA27: 1 | BB27: 1 | BC27: 1 | BD27: 1 | BE27: 1 | BF27: 1 | BG27: 1 | BH27: 1 | BI27: 1 | BJ27: 1 | BK27: 1 | BL27: 1 | BM27: 1 | BN27: 1 | BO27: 0 | BP27: 0 | BQ27: 0 | BR27: 0 | BS27: 0 | BT27: 0 | BU27: 0 | BV27: 0 | BW27: 0 | BX27: 0 | BY27: 0 | BZ27: 0 | CK27: 1 | CL27: 1 | CM27: 1 | CN27: 1 | CO27: 1 | CP27: 1 | CQ27: 1 | CR27: 1 | CS27: 1 | CT27: 1 | CU27: 1 | CV27: 1 | CW27: 1 | CX27: 1 | CY27: 1 | CZ27: 1 | DA27: 1 | DB27: 1 | DC27: 1 | DD27: 1 | DE27: 1 | DF27: 1 | DG27: 1 | DH27: 1 | DI27: 1 | DJ27: 1 | DK27: 1 | DL27: 1 | DM27: 1 | DN27: 1 | DO27: 1 | DP27: 1 | DQ27: 1 | DR27: 1 | DS27: 1 | DT27: 1 | DU27: 1 | DV27: 1 | DW27: 1 | DX27: 1 | DY27: 1 | DZ27: 1 | EA27: 1 | EB27: 1 | EC27: 1 | ED27: 1 | EE27: 1 | EF27: 1 | EG27: 1 | EH27: 1 | EI27: 1 | EJ27: 1 | EK27: 1 | EL27: 1 | EM27: 1 | EN27: 1 | EO27: 1 | EP27: 1 | EQ27: 1 | ER27: 1 | ES27: =SUM(I28:R28) -> 10 | ET27: =SUM(S27:AB27) -> 10 | EU27: =SUM(AC27:AL27) -> 8 | EV27: =SUM(AM27:AV27) -> 10 | EW27: =SUM(BG27:BP27) -> 8 | EX27: =SUM(BG27:BP27) -> 8 | EY27: =SUM(BQ27:BZ27) -> 0 | EZ27: =SUM(CA27:CJ27) -> 0 | FA27: =SUM(CK27:CT27) -> 10 | FB27: =SUM(CU27:DD27) -> 10 | FC27: =SUM(DE27:DN27) -> 10 | FD27: =SUM(DO27:DX27) -> 10 | FE27: =SUM(DY27:EH27) -> 10 | FF27: =SUM(EI27:ER27) -> 10 | FG27: =ROW(FG25) -> 25 | FH27: =SUM(ES27:FF27) -> 114 | FI27: =SUM(I7:ER7)-SUM(ES27:FF27) -> 14 | FJ27: =SUM(FH27:FI27) -> 128
B28: =IF(ISTEXT(D28),1,0) -> 1 | C28: 21 | D28: OLAIYA FERANMI | G28: 45915 | I28: 1 | J28: 1 | K28: 1 | L28: 1 | M28: 1 | N28: 1 | O28: 1 | P28: 1 | Q28: 1 | R28: 1 | S28: 1 | T28: 1 | U28: 1 | V28: 1 | W28: 1 | X28: 1 | Y28: 1 | Z28: 1 | AA28: 1 | AB28: 1 | AC28: 1 | AD28: 1 | AE28: 1 | AF28: 1 | AI28: 0 | AJ28: 0 | AK28: 1 | AL28: 1 | AM28: 1 | AN28: 1 | AO28: 1 | AP28: 1 | AQ28: 1 | AR28: 1 | AS28: 1 | AT28: 1 | AU28: 1 | AV28: 1 | AW28: 1 | AX28: 1 | AY28: 1 | AZ28: 1 | BA28: 1 | BB28: 1 | BC28: 1 | BD28: 1 | BE28: 1 | BF28: 1 | BG28: 1 | BH28: 1 | BI28: 1 | BJ28: 1 | BK28: 1 | BL28: 1 | BM28: 1 | BN28: 1 | BO28: 1 | BP28: 1 | BQ28: 1 | BR28: 1 | BS28: 1 | BT28: 1 | BU28: 1 | BV28: 1 | BW28: 1 | BX28: 1 | BY28: 1 | BZ28: 1 | CK28: 1 | CL28: 1 | CM28: 1 | CN28: 1 | CO28: 1 | CP28: 1 | CQ28: 1 | CR28: 1 | CS28: 1 | CT28: 1 | CU28: 1 | CV28: 1 | CW28: 1 | CX28: 1 | CY28: 1 | CZ28: 1 | DA28: 1 | DB28: 1 | DC28: 1 | DD28: 1 | DE28: 1 | DF28: 1 | DG28: 1 | DH28: 1 | DI28: 1 | DJ28: 1 | DK28: 1 | DL28: 1 | DM28: 1 | DN28: 1 | DO28: 1 | DP28: 1 | DQ28: 1 | DR28: 1 | DS28: 1 | DT28: 1 | DU28: 1 | DV28: 1 | DW28: 1 | DX28: 1 | DY28: 1 | DZ28: 1 | EA28: 1 | EB28: 1 | EC28: 1 | ED28: 1 | EE28: 1 | EF28: 1 | EG28: 1 | EH28: 1 | EI28: 1 | EJ28: 1 | EK28: 1 | EL28: 1 | EM28: 1 | EN28: 1 | EO28: 1 | EP28: 1 | EQ28: 1 | ER28: 1 | ES28: =SUM(I29:R29) -> 10 | ET28: =SUM(S28:AB28) -> 10 | EU28: =SUM(AC28:AL28) -> 6 | EV28: =SUM(AM28:AV28) -> 10 | EW28: =SUM(BG28:BP28) -> 10 | EX28: =SUM(BG28:BP28) -> 10 | EY28: =SUM(BQ28:BZ28) -> 10 | EZ28: =SUM(CA28:CJ28) -> 0 | FA28: =SUM(CK28:CT28) -> 10 | FB28: =SUM(CU28:DD28) -> 10 | FC28: =SUM(DE28:DN28) -> 10 | FD28: =SUM(DO28:DX28) -> 10 | FE28: =SUM(DY28:EH28) -> 10 | FF28: =SUM(EI28:ER28) -> 10 | FG28: =ROW(FG26) -> 26 | FH28: =SUM(ES28:FF28) -> 126 | FI28: =SUM(I7:ER7)-SUM(ES28:FF28) -> 2 | FJ28: =SUM(FH28:FI28) -> 128
B29: =IF(ISTEXT(D29),1,0) -> 1 | C29: 22 | D29: OYEWOLE JOHN | G29: 45915 | I29: 1 | J29: 1 | K29: 1 | L29: 1 | M29: 1 | N29: 1 | O29: 1 | P29: 1 | Q29: 1 | R29: 1 | S29: 1 | T29: 1 | U29: 1 | V29: 1 | W29: 1 | X29: 1 | Y29: 1 | Z29: 1 | AA29: 1 | AB29: 1 | AC29: 1 | AD29: 1 | AE29: 1 | AF29: 1 | AI29: 1 | AJ29: 1 | AK29: 1 | AL29: 1 | AM29: 1 | AN29: 1 | AO29: 1 | AP29: 1 | AQ29: 1 | AR29: 1 | AS29: 1 | AT29: 1 | AU29: 1 | AV29: 1 | AW29: 1 | AX29: 1 | AY29: 1 | AZ29: 1 | BA29: 1 | BB29: 1 | BC29: 1 | BD29: 1 | BE29: 1 | BF29: 1 | BG29: 1 | BH29: 1 | BI29: 1 | BJ29: 1 | BK29: 1 | BL29: 1 | BM29: 1 | BN29: 1 | BO29: 1 | BP29: 1 | BQ29: 1 | BR29: 1 | BS29: 1 | BT29: 1 | BU29: 1 | BV29: 1 | BW29: 1 | BX29: 1 | BY29: 1 | BZ29: 1 | CK29: 1 | CL29: 1 | CM29: 1 | CN29: 1 | CO29: 1 | CP29: 1 | CQ29: 1 | CR29: 1 | CS29: 1 | CT29: 1 | CU29: 1 | CV29: 1 | CW29: 1 | CX29: 1 | CY29: 1 | CZ29: 1 | DA29: 1 | DB29: 1 | DC29: 1 | DD29: 1 | DE29: 1 | DF29: 1 | DG29: 1 | DH29: 1 | DI29: 1 | DJ29: 1 | DK29: 1 | DL29: 1 | DM29: 1 | DN29: 1 | DO29: 1 | DP29: 1 | DQ29: 1 | DR29: 1 | DS29: 1 | DT29: 1 | DU29: 1 | DV29: 1 | DW29: 1 | DX29: 1 | DY29: 1 | DZ29: 1 | EA29: 1 | EB29: 1 | EC29: 1 | ED29: 1 | EE29: 1 | EF29: 1 | EG29: 1 | EH29: 1 | EI29: 1 | EJ29: 1 | EK29: 1 | EL29: 1 | EM29: 1 | EN29: 1 | EO29: 1 | EP29: 1 | EQ29: 1 | ER29: 1 | ES29: =SUM(I30:R30) -> 0 | ET29: =SUM(S29:AB29) -> 10 | EU29: =SUM(AC29:AL29) -> 8 | EV29: =SUM(AM29:AV29) -> 10 | EW29: =SUM(BG29:BP29) -> 10 | EX29: =SUM(BG29:BP29) -> 10 | EY29: =SUM(BQ29:BZ29) -> 10 | EZ29: =SUM(CA29:CJ29) -> 0 | FA29: =SUM(CK29:CT29) -> 10 | FB29: =SUM(CU29:DD29) -> 10 | FC29: =SUM(DE29:DN29) -> 10 | FD29: =SUM(DO29:DX29) -> 10 | FE29: =SUM(DY29:EH29) -> 10 | FF29: =SUM(EI29:ER29) -> 10 | FG29: =ROW(FG27) -> 27 | FH29: =SUM(ES29:FF29) -> 118 | FI29: =SUM(I7:ER7)-SUM(ES29:FF29) -> 10 | FJ29: =SUM(FH29:FI29) -> 128
B30: =IF(ISTEXT(D30),1,0) -> 1 | C30: 23 | D30: SHITTU BASIT | G30: 45915 | I30: 0 | J30: 0 | K30: 0 | L30: 0 | M30: 0 | N30: 0 | O30: 0 | P30: 0 | Q30: 0 | R30: 0 | S30: 1 | T30: 1 | U30: 1 | V30: 1 | W30: 1 | X30: 1 | Y30: 1 | Z30: 1 | AA30: 1 | AB30: 1 | AC30: 1 | AD30: 1 | AE30: 1 | AF30: 1 | AI30: 1 | AJ30: 1 | AK30: 1 | AL30: 1 | AM30: 1 | AN30: 1 | AO30: 1 | AP30: 1 | AQ30: 1 | AR30: 1 | AS30: 1 | AT30: 1 | AU30: 1 | AV30: 1 | AW30: 1 | AX30: 1 | AY30: 1 | AZ30: 1 | BA30: 1 | BB30: 1 | BC30: 1 | BD30: 1 | BE30: 1 | BF30: 1 | BG30: 1 | BH30: 1 | BI30: 1 | BJ30: 1 | BK30: 1 | BL30: 1 | BM30: 1 | BN30: 1 | BO30: 1 | BP30: 1 | BQ30: 1 | BR30: 1 | BS30: 1 | BT30: 1 | BU30: 1 | BV30: 1 | BW30: 1 | BX30: 1 | BY30: 1 | BZ30: 1 | CK30: 1 | CL30: 1 | CM30: 1 | CN30: 1 | CO30: 1 | CP30: 1 | CQ30: 1 | CR30: 1 | CS30: 1 | CT30: 1 | CU30: 1 | CV30: 1 | CW30: 1 | CX30: 1 | CY30: 1 | CZ30: 1 | DA30: 1 | DB30: 1 | DC30: 1 | DD30: 1 | DE30: 1 | DF30: 1 | DG30: 1 | DH30: 1 | DI30: 1 | DJ30: 1 | DK30: 1 | DL30: 1 | DM30: 1 | DN30: 1 | DO30: 1 | DP30: 1 | DQ30: 1 | DR30: 1 | DS30: 1 | DT30: 1 | DU30: 1 | DV30: 1 | DW30: 1 | DX30: 1 | DY30: 1 | DZ30: 1 | EA30: 1 | EB30: 1 | EC30: 1 | ED30: 1 | EE30: 1 | EF30: 1 | EG30: 1 | EH30: 1 | EI30: 1 | EJ30: 1 | EK30: 1 | EL30: 1 | EM30: 1 | EN30: 1 | EO30: 1 | EP30: 1 | EQ30: 1 | ER30: 1 | ES30: =SUM(I31:R31) -> 0 | ET30: =SUM(S30:AB30) -> 10 | EU30: =SUM(AC30:AL30) -> 8 | EV30: =SUM(AM30:AV30) -> 10 | EW30: =SUM(BG30:BP30) -> 10 | EX30: =SUM(BG30:BP30) -> 10 | EY30: =SUM(BQ30:BZ30) -> 10 | EZ30: =SUM(CA30:CJ30) -> 0 | FA30: =SUM(CK30:CT30) -> 10 | FB30: =SUM(CU30:DD30) -> 10 | FC30: =SUM(DE30:DN30) -> 10 | FD30: =SUM(DO30:DX30) -> 10 | FE30: =SUM(DY30:EH30) -> 10 | FF30: =SUM(EI30:ER30) -> 10 | FG30: =ROW(FG28) -> 28 | FH30: =SUM(ES30:FF30) -> 118 | FI30: =SUM(I7:ER7)-SUM(ES30:FF30) -> 10 | FJ30: =SUM(FH30:FI30) -> 128
B31: =IF(ISTEXT(D31),1,0) -> 1 | C31: 24 | D31: WILLAMS ABLODUN | G31: 45915 | I31: 0 | J31: 0 | K31: 0 | L31: 0 | M31: 0 | N31: 0 | O31: 0 | P31: 0 | Q31: 0 | R31: 0 | S31: 1 | T31: 1 | U31: 1 | V31: 1 | W31: 1 | X31: 1 | Y31: 1 | Z31: 1 | AA31: 1 | AB31: 1 | AC31: 1 | AD31: 1 | AE31: 1 | AF31: 1 | AI31: 0 | AJ31: 0 | AK31: 1 | AL31: 1 | AM31: 1 | AN31: 1 | AO31: 1 | AP31: 1 | AQ31: 1 | AR31: 1 | AS31: 1 | AT31: 1 | AU31: 1 | AV31: 1 | AW31: 1 | AX31: 1 | AY31: 1 | AZ31: 1 | BA31: 1 | BB31: 1 | BC31: 1 | BD31: 1 | BE31: 1 | BF31: 1 | BG31: 1 | BH31: 1 | BI31: 1 | BJ31: 1 | BK31: 1 | BL31: 1 | BM31: 1 | BN31: 1 | BO31: 1 | BP31: 1 | BQ31: 1 | BR31: 1 | BS31: 1 | BT31: 1 | BU31: 1 | BV31: 1 | BW31: 1 | BX31: 1 | BY31: 1 | BZ31: 1 | CK31: 1 | CL31: 1 | CM31: 1 | CN31: 1 | CO31: 1 | CP31: 1 | CQ31: 1 | CR31: 1 | CS31: 1 | CT31: 1 | CU31: 1 | CV31: 1 | CW31: 1 | CX31: 1 | CY31: 1 | CZ31: 1 | DA31: 1 | DB31: 1 | DC31: 1 | DD31: 1 | DE31: 1 | DF31: 1 | DG31: 1 | DH31: 1 | DI31: 1 | DJ31: 1 | DK31: 1 | DL31: 1 | DM31: 1 | DN31: 1 | DO31: 1 | DP31: 1 | DQ31: 1 | DR31: 1 | DS31: 1 | DT31: 1 | DU31: 1 | DV31: 1 | DW31: 1 | DX31: 1 | DY31: 1 | DZ31: 1 | EA31: 1 | EB31: 1 | EC31: 1 | ED31: 1 | EE31: 1 | EF31: 1 | EG31: 1 | EH31: 1 | EI31: 1 | EJ31: 1 | EK31: 1 | EL31: 1 | EM31: 1 | EN31: 1 | EO31: 1 | EP31: 1 | EQ31: 1 | ER31: 1 | ES31: =SUM(I32:R32) -> 10 | ET31: =SUM(S31:AB31) -> 10 | EU31: =SUM(AC31:AL31) -> 6 | EV31: =SUM(AM31:AV31) -> 10 | EW31: =SUM(BG31:BP31) -> 10 | EX31: =SUM(BG31:BP31) -> 10 | EY31: =SUM(BQ31:BZ31) -> 10 | EZ31: =SUM(CA31:CJ31) -> 0 | FA31: =SUM(CK31:CT31) -> 10 | FB31: =SUM(CU31:DD31) -> 10 | FC31: =SUM(DE31:DN31) -> 10 | FD31: =SUM(DO31:DX31) -> 10 | FE31: =SUM(DY31:EH31) -> 10 | FF31: =SUM(EI31:ER31) -> 10 | FG31: =ROW(FG29) -> 29 | FH31: =SUM(ES31:FF31) -> 126 | FI31: =SUM(I7:ER7)-SUM(ES31:FF31) -> 2 | FJ31: =SUM(FH31:FI31) -> 128
B32: =IF(ISTEXT(D32),1,0) -> 1 | C32: 25 | D32: AGUGBOM PRINCE | G32: 45915 | I32: 1 | J32: 1 | K32: 1 | L32: 1 | M32: 1 | N32: 1 | O32: 1 | P32: 1 | Q32: 1 | R32: 1 | S32: 0 | T32: 0 | U32: 0 | V32: 0 | W32: 0 | X32: 0 | Y32: 0 | Z32: 0 | AA32: 0 | AB32: 0 | AC32: 0 | AD32: 0 | AE32: 0 | AF32: 0 | AI32: 0 | AJ32: 0 | AK32: 1 | AL32: 1 | AM32: 1 | AN32: 1 | AO32: 1 | AP32: 1 | AQ32: 1 | AR32: 1 | AS32: 1 | AT32: 1 | AU32: 1 | AV32: 1 | AW32: 1 | AX32: 1 | AY32: 1 | AZ32: 1 | BA32: 1 | BB32: 1 | BC32: 1 | BD32: 1 | BE32: 0 | BF32: 0 | BG32: 1 | BH32: 1 | BI32: 1 | BJ32: 1 | BK32: 1 | BL32: 1 | BM32: 1 | BN32: 1 | BO32: 1 | BP32: 1 | BQ32: 1 | BR32: 1 | BS32: 0 | BT32: 0 | BU32: 0 | BV32: 0 | BW32: 1 | BX32: 1 | BY32: 0 | BZ32: 0 | CK32: 1 | CL32: 1 | CM32: 1 | CN32: 1 | CO32: 1 | CP32: 1 | CQ32: 1 | CR32: 1 | CS32: 1 | CT32: 1 | CU32: 1 | CV32: 1 | CW32: 1 | CX32: 1 | CY32: 1 | CZ32: 1 | DA32: 1 | DB32: 1 | DC32: 1 | DD32: 1 | DE32: 1 | DF32: 1 | DG32: 1 | DH32: 1 | DI32: 1 | DJ32: 1 | DK32: 1 | DL32: 1 | DM32: 1 | DN32: 1 | DO32: 1 | DP32: 1 | DQ32: 1 | DR32: 1 | DS32: 1 | DT32: 1 | DU32: 1 | DV32: 1 | DW32: 1 | DX32: 1 | DY32: 1 | DZ32: 1 | EA32: 1 | EB32: 1 | EC32: 1 | ED32: 1 | EE32: 1 | EF32: 1 | EG32: 1 | EH32: 1 | EI32: 1 | EJ32: 1 | EK32: 1 | EL32: 1 | EM32: 1 | EN32: 1 | EO32: 1 | EP32: 1 | EQ32: 1 | ER32: 1 | ES32: =SUM(I33:R33) -> 0 | ET32: =SUM(S32:AB32) -> 0 | EU32: =SUM(AC32:AL32) -> 2 | EV32: =SUM(AM32:AV32) -> 10 | EW32: =SUM(BG32:BP32) -> 10 | EX32: =SUM(BG32:BP32) -> 10 | EY32: =SUM(BQ32:BZ32) -> 4 | EZ32: =SUM(CA32:CJ32) -> 0 | FA32: =SUM(CK32:CT32) -> 10 | FB32: =SUM(CU32:DD32) -> 10 | FC32: =SUM(DE32:DN32) -> 10 | FD32: =SUM(DO32:DX32) -> 10 | FE32: =SUM(DY32:EH32) -> 10 | FF32: =SUM(EI32:ER32) -> 10 | FG32: =ROW(FG30) -> 30 | FH32: =SUM(ES32:FF32) -> 96 | FI32: =SUM(I7:ER7)-SUM(ES32:FF32) -> 32 | FJ32: =SUM(FH32:FI32) -> 128
B33: =IF(ISTEXT(D33),1,0) -> 1 | C33: 26 | D33: AYINIDE ADEWALE | G33: 45915 | I33: 0 | J33: 0 | K33: 0 | L33: 0 | M33: 0 | N33: 0 | O33: 0 | P33: 0 | Q33: 0 | R33: 0 | S33: 0 | T33: 0 | U33: 0 | V33: 0 | W33: 0 | X33: 0 | Y33: 0 | Z33: 0 | AA33: 0 | AB33: 0 | AC33: 0 | AD33: 0 | AE33: 0 | AF33: 0 | AI33: 1 | AJ33: 1 | AK33: 1 | AL33: 1 | AM33: 1 | AN33: 1 | AO33: 1 | AP33: 1 | AQ33: 1 | AR33: 1 | AS33: 1 | AT33: 1 | AU33: 0 | AV33: 0 | AW33: 0 | AX33: 0 | AY33: 1 | AZ33: 1 | BA33: 1 | BB33: 1 | BC33: 1 | BD33: 1 | BE33: 1 | BF33: 1 | BG33: 1 | BH33: 1 | BI33: 1 | BJ33: 1 | BK33: 1 | BL33: 1 | BM33: 1 | BN33: 1 | BO33: 1 | BP33: 1 | BQ33: 1 | BR33: 1 | BS33: 1 | BT33: 1 | BU33: 1 | BV33: 1 | BW33: 1 | BX33: 1 | BY33: 1 | BZ33: 1 | CK33: 1 | CL33: 1 | CM33: 1 | CN33: 1 | CO33: 1 | CP33: 1 | CQ33: 1 | CR33: 1 | CS33: 1 | CT33: 1 | CU33: 0 | CV33: 0 | CW33: 0 | CX33: 0 | CY33: 1 | CZ33: 1 | DA33: 0 | DB33: 0 | DC33: 1 | DD33: 1 | DE33: 0 | DF33: 0 | DG33: 0 | DH33: 0 | DI33: 0 | DJ33: 0 | DK33: 1 | DL33: 1 | DM33: 1 | DN33: 1 | DO33: 1 | DP33: 1 | DQ33: 1 | DR33: 1 | DS33: 1 | DT33: 1 | DU33: 1 | DV33: 1 | DW33: 1 | DX33: 1 | DY33: 1 | DZ33: 1 | EA33: 1 | EB33: 1 | EC33: 1 | ED33: 1 | EE33: 1 | EF33: 1 | EG33: 1 | EH33: 1 | EI33: 1 | EJ33: 1 | EK33: 1 | EL33: 1 | EM33: 1 | EN33: 1 | EO33: 1 | EP33: 1 | EQ33: 1 | ER33: 1 | ES33: =SUM(I34:R34) -> 0 | ET33: =SUM(S33:AB33) -> 0 | EU33: =SUM(AC33:AL33) -> 4 | EV33: =SUM(AM33:AV33) -> 8 | EW33: =SUM(BG33:BP33) -> 10 | EX33: =SUM(BG33:BP33) -> 10 | EY33: =SUM(BQ33:BZ33) -> 10 | EZ33: =SUM(CA33:CJ33) -> 0 | FA33: =SUM(CK33:CT33) -> 10 | FB33: =SUM(CU33:DD33) -> 4 | FC33: =SUM(DE33:DN33) -> 4 | FD33: =SUM(DO33:DX33) -> 10 | FE33: =SUM(DY33:EH33) -> 10 | FF33: =SUM(EI33:ER33) -> 10 | FG33: =ROW(FG31) -> 31 | FH33: =SUM(ES33:FF33) -> 90 | FI33: =SUM(I7:ER7)-SUM(ES33:FF33) -> 38 | FJ33: =SUM(FH33:FI33) -> 128
B34: =IF(ISTEXT(D34),1,0) -> 1 | C34: 27 | D34: ELEWURO MUBARAK | G34: 45915 | I34: 0 | J34: 0 | K34: 0 | L34: 0 | M34: 0 | N34: 0 | O34: 0 | P34: 0 | Q34: 0 | R34: 0 | S34: 0 | T34: 0 | U34: 0 | V34: 0 | W34: 0 | X34: 0 | Y34: 0 | Z34: 0 | AA34: 0 | AB34: 0 | AC34: 0 | AD34: 0 | AE34: 0 | AF34: 0 | AI34: 1 | AJ34: 1 | AK34: 1 | AL34: 1 | AM34: 1 | AN34: 1 | AO34: 1 | AP34: 1 | AQ34: 1 | AR34: 1 | AS34: 1 | AT34: 1 | AU34: 1 | AV34: 1 | AW34: 1 | AX34: 1 | AY34: 1 | AZ34: 1 | BA34: 1 | BB34: 1 | BC34: 0 | BD34: 0 | BE34: 1 | BF34: 1 | BG34: 1 | BH34: 1 | BI34: 0 | BJ34: 0 | BK34: 1 | BL34: 1 | BM34: 1 | BN34: 1 | BO34: 0 | BP34: 0 | BQ34: 1 | BR34: 1 | BS34: 1 | BT34: 1 | BU34: 1 | BV34: 1 | BW34: 1 | BX34: 1 | BY34: 1 | BZ34: 1 | CK34: 1 | CL34: 1 | CM34: 1 | CN34: 1 | CO34: 1 | CP34: 1 | CQ34: 1 | CR34: 1 | CS34: 1 | CT34: 1 | CU34: 1 | CV34: 1 | CW34: 1 | CX34: 1 | CY34: 1 | CZ34: 1 | DA34: 1 | DB34: 1 | DC34: 1 | DD34: 1 | DE34: 1 | DF34: 1 | DG34: 1 | DH34: 1 | DI34: 1 | DJ34: 1 | DK34: 1 | DL34: 1 | DM34: 1 | DN34: 1 | DO34: 1 | DP34: 1 | DQ34: 1 | DR34: 1 | DS34: 1 | DT34: 1 | DU34: 1 | DV34: 1 | DW34: 1 | DX34: 1 | DY34: 1 | DZ34: 1 | EA34: 1 | EB34: 1 | EC34: 1 | ED34: 1 | EE34: 1 | EF34: 1 | EG34: 1 | EH34: 1 | EI34: 1 | EJ34: 1 | EK34: 1 | EL34: 1 | EM34: 1 | EN34: 1 | EO34: 1 | EP34: 1 | EQ34: 1 | ER34: 1 | ES34: =SUM(I35:R35) -> 0 | ET34: =SUM(S34:AB34) -> 0 | EU34: =SUM(AC34:AL34) -> 4 | EV34: =SUM(AM34:AV34) -> 10 | EW34: =SUM(BG34:BP34) -> 6 | EX34: =SUM(BG34:BP34) -> 6 | EY34: =SUM(BQ34:BZ34) -> 10 | EZ34: =SUM(CA34:CJ34) -> 0 | FA34: =SUM(CK34:CT34) -> 10 | FB34: =SUM(CU34:DD34) -> 10 | FC34: =SUM(DE34:DN34) -> 10 | FD34: =SUM(DO34:DX34) -> 10 | FE34: =SUM(DY34:EH34) -> 10 | FF34: =SUM(EI34:ER34) -> 10 | FG34: =ROW(FG32) -> 32 | FH34: =SUM(ES34:FF34) -> 96 | FI34: =SUM(I7:ER7)-SUM(ES34:FF34) -> 32 | FJ34: =SUM(FH34:FI34) -> 128
B35: =IF(ISTEXT(D35),1,0) -> 1 | C35: 28 | D35: SUROJUDEEN JUBRIL | G35: 45915 | I35: 0 | J35: 0 | K35: 0 | L35: 0 | M35: 0 | N35: 0 | O35: 0 | P35: 0 | Q35: 0 | R35: 0 | S35: 0 | T35: 0 | U35: 0 | V35: 0 | W35: 0 | X35: 0 | Y35: 0 | Z35: 0 | AA35: 0 | AB35: 0 | AC35: 0 | AD35: 0 | AE35: 0 | AF35: 0 | AI35: 0 | AJ35: 0 | AK35: 1 | AL35: 1 | AM35: 1 | AN35: 1 | AO35: 1 | AP35: 1 | AQ35: 1 | AR35: 1 | AS35: 1 | AT35: 1 | AU35: 1 | AV35: 1 | AW35: 1 | AX35: 1 | AY35: 1 | AZ35: 1 | BA35: 1 | BB35: 1 | BC35: 1 | BD35: 1 | BE35: 1 | BF35: 1 | BG35: 1 | BH35: 1 | BI35: 1 | BJ35: 1 | BK35: 1 | BL35: 1 | BM35: 1 | BN35: 1 | BO35: 1 | BP35: 1 | BQ35: 1 | BR35: 1 | BS35: 1 | BT35: 1 | BU35: 1 | BV35: 1 | BW35: 1 | BX35: 1 | BY35: 1 | BZ35: 1 | CK35: 1 | CL35: 1 | CM35: 1 | CN35: 1 | CO35: 1 | CP35: 1 | CQ35: 1 | CR35: 1 | CS35: 1 | CT35: 1 | CU35: 1 | CV35: 1 | CW35: 1 | CX35: 1 | CY35: 1 | CZ35: 1 | DA35: 1 | DB35: 1 | DC35: 1 | DD35: 1 | DE35: 1 | DF35: 1 | DG35: 1 | DH35: 1 | DI35: 1 | DJ35: 1 | DK35: 1 | DL35: 1 | DM35: 1 | DN35: 1 | DO35: 1 | DP35: 1 | DQ35: 1 | DR35: 1 | DS35: 1 | DT35: 1 | DU35: 1 | DV35: 1 | DW35: 1 | DX35: 1 | DY35: 1 | DZ35: 1 | EA35: 1 | EB35: 1 | EC35: 1 | ED35: 1 | EE35: 1 | EF35: 1 | EG35: 1 | EH35: 1 | EI35: 1 | EJ35: 1 | EK35: 1 | EL35: 1 | EM35: 1 | EN35: 1 | EO35: 1 | EP35: 1 | EQ35: 1 | ER35: 1 | ES35: =SUM(I36:R36) -> 10 | ET35: =SUM(S35:AB35) -> 0 | EU35: =SUM(AC35:AL35) -> 2 | EV35: =SUM(AM35:AV35) -> 10 | EW35: =SUM(BG35:BP35) -> 10 | EX35: =SUM(BG35:BP35) -> 10 | EY35: =SUM(BQ35:BZ35) -> 10 | EZ35: =SUM(CA35:CJ35) -> 0 | FA35: =SUM(CK35:CT35) -> 10 | FB35: =SUM(CU35:DD35) -> 10 | FC35: =SUM(DE35:DN35) -> 10 | FD35: =SUM(DO35:DX35) -> 10 | FE35: =SUM(DY35:EH35) -> 10 | FF35: =SUM(EI35:ER35) -> 10 | FG35: =ROW(FG33) -> 33 | FH35: =SUM(ES35:FF35) -> 112 | FI35: =SUM(I7:ER7)-SUM(ES35:FF35) -> 16 | FJ35: =SUM(FH35:FI35) -> 128
B36: =IF(ISTEXT(D36),1,0) -> 1 | C36: 29 | D36: MUDASHIRU FARUQ | G36: 45915 | I36: 1 | J36: 1 | K36: 1 | L36: 1 | M36: 1 | N36: 1 | O36: 1 | P36: 1 | Q36: 1 | R36: 1 | S36: 0 | T36: 0 | U36: 0 | V36: 0 | W36: 0 | X36: 0 | Y36: 0 | Z36: 0 | AA36: 0 | AB36: 0 | AC36: 0 | AD36: 0 | AE36: 0 | AF36: 0 | AI36: 0 | AJ36: 0 | AK36: 0 | AL36: 0 | AM36: 1 | AN36: 1 | AO36: 1 | AP36: 1 | AQ36: 1 | AR36: 1 | AS36: 1 | AT36: 1 | AU36: 1 | AV36: 1 | AW36: 1 | AX36: 1 | AY36: 1 | AZ36: 1 | BA36: 1 | BB36: 1 | BC36: 1 | BD36: 1 | BE36: 1 | BF36: 1 | BG36: 1 | BH36: 1 | BI36: 1 | BJ36: 1 | BK36: 1 | BL36: 1 | BM36: 1 | BN36: 1 | BO36: 1 | BP36: 1 | BQ36: 1 | BR36: 1 | BS36: 1 | BT36: 1 | BU36: 1 | BV36: 1 | BW36: 1 | BX36: 1 | BY36: 1 | BZ36: 1 | CK36: 1 | CL36: 1 | CM36: 1 | CN36: 1 | CO36: 1 | CP36: 1 | CQ36: 1 | CR36: 1 | CS36: 1 | CT36: 1 | CU36: 1 | CV36: 1 | CW36: 1 | CX36: 1 | CY36: 1 | CZ36: 1 | DA36: 1 | DB36: 1 | DC36: 1 | DD36: 1 | DE36: 1 | DF36: 1 | DG36: 1 | DH36: 1 | DI36: 1 | DJ36: 1 | DK36: 1 | DL36: 1 | DM36: 1 | DN36: 1 | DO36: 1 | DP36: 1 | DQ36: 1 | DR36: 1 | DS36: 1 | DT36: 1 | DU36: 1 | DV36: 1 | DW36: 1 | DX36: 1 | DY36: 1 | DZ36: 1 | EA36: 1 | EB36: 1 | EC36: 1 | ED36: 1 | EE36: 1 | EF36: 1 | EG36: 1 | EH36: 1 | EI36: 1 | EJ36: 1 | EK36: 1 | EL36: 1 | EM36: 1 | EN36: 1 | EO36: 1 | EP36: 1 | EQ36: 1 | ER36: 1 | ES36: =SUM(I37:R37) -> 10 | ET36: =SUM(S36:AB36) -> 0 | EU36: =SUM(AC36:AL36) -> 0 | EV36: =SUM(AM36:AV36) -> 10 | EW36: =SUM(BG36:BP36) -> 10 | EX36: =SUM(BG36:BP36) -> 10 | EY36: =SUM(BQ36:BZ36) -> 10 | EZ36: =SUM(CA36:CJ36) -> 0 | FA36: =SUM(CK36:CT36) -> 10 | FB36: =SUM(CU36:DD36) -> 10 | FC36: =SUM(DE36:DN36) -> 10 | FD36: =SUM(DO36:DX36) -> 10 | FE36: =SUM(DY36:EH36) -> 10 | FF36: =SUM(EI36:ER36) -> 10 | FG36: =ROW(FG34) -> 34 | FH36: =SUM(ES36:FF36) -> 110 | FI36: =SUM(I7:ER7)-SUM(ES36:FF36) -> 18 | FJ36: =SUM(FH36:FI36) -> 128
B37: =IF(ISTEXT(D37),1,0) -> 1 | C37: 30 | D37: SATURDAY GODSTIME | G37: 45915 | I37: 1 | J37: 1 | K37: 1 | L37: 1 | M37: 1 | N37: 1 | O37: 1 | P37: 1 | Q37: 1 | R37: 1 | S37: 0 | T37: 0 | U37: 0 | V37: 0 | W37: 0 | X37: 0 | Y37: 0 | Z37: 0 | AA37: 0 | AB37: 0 | AC37: 0 | AD37: 0 | AE37: 0 | AF37: 0 | AI37: 0 | AJ37: 0 | AK37: 0 | AL37: 0 | AM37: 1 | AN37: 1 | AO37: 0 | AP37: 0 | AQ37: 1 | AR37: 1 | AS37: 1 | AT37: 1 | AU37: 1 | AV37: 1 | AW37: 1 | AX37: 1 | AY37: 1 | AZ37: 1 | BA37: 1 | BB37: 1 | BC37: 1 | BD37: 1 | BE37: 1 | BF37: 1 | BG37: 1 | BH37: 1 | BI37: 1 | BJ37: 1 | BK37: 1 | BL37: 1 | BM37: 1 | BN37: 1 | BO37: 1 | BP37: 1 | BQ37: 1 | BR37: 1 | BS37: 1 | BT37: 1 | BU37: 1 | BV37: 1 | BW37: 1 | BX37: 1 | BY37: 1 | BZ37: 1 | CK37: 1 | CL37: 1 | CM37: 1 | CN37: 1 | CO37: 1 | CP37: 1 | CQ37: 1 | CR37: 1 | CS37: 1 | CT37: 1 | CU37: 1 | CV37: 1 | CW37: 1 | CX37: 1 | CY37: 1 | CZ37: 1 | DA37: 1 | DB37: 1 | DC37: 1 | DD37: 1 | DE37: 1 | DF37: 1 | DG37: 1 | DH37: 1 | DI37: 1 | DJ37: 1 | DK37: 1 | DL37: 1 | DM37: 1 | DN37: 1 | DO37: 1 | DP37: 1 | DQ37: 1 | DR37: 1 | DS37: 1 | DT37: 1 | DU37: 1 | DV37: 1 | DW37: 1 | DX37: 1 | DY37: 1 | DZ37: 1 | EA37: 1 | EB37: 1 | EC37: 1 | ED37: 1 | EE37: 1 | EF37: 1 | EG37: 1 | EH37: 1 | EI37: 1 | EJ37: 1 | EK37: 1 | EL37: 1 | EM37: 1 | EN37: 1 | EO37: 1 | EP37: 1 | EQ37: 1 | ER37: 1 | ES37: =SUM(I38:R38) -> 0 | ET37: =SUM(S37:AB37) -> 0 | EU37: =SUM(AC37:AL37) -> 0 | EV37: =SUM(AM37:AV37) -> 8 | EW37: =SUM(BG37:BP37) -> 10 | EX37: =SUM(BG37:BP37) -> 10 | EY37: =SUM(BQ37:BZ37) -> 10 | EZ37: =SUM(CA37:CJ37) -> 0 | FA37: =SUM(CK37:CT37) -> 10 | FB37: =SUM(CU37:DD37) -> 10 | FC37: =SUM(DE37:DN37) -> 10 | FD37: =SUM(DO37:DX37) -> 10 | FE37: =SUM(DY37:EH37) -> 10 | FF37: =SUM(EI37:ER37) -> 10 | FG37: =ROW(FG35) -> 35 | FH37: =SUM(ES37:FF37) -> 98 | FI37: =SUM(I7:ER7)-SUM(ES37:FF37) -> 30 | FJ37: =SUM(FH37:FI37) -> 128
B38: =IF(ISTEXT(D38),1,0) -> 1 | C38: 31 | D38: ALEJOLOWO VICTOR | G38: 45915 | I38: 0 | J38: 0 | K38: 0 | L38: 0 | M38: 0 | N38: 0 | O38: 0 | P38: 0 | Q38: 0 | R38: 0 | S38: 0 | T38: 0 | U38: 0 | V38: 0 | W38: 0 | X38: 0 | Y38: 0 | Z38: 0 | AA38: 0 | AB38: 0 | AC38: 0 | AD38: 0 | AE38: 0 | AF38: 0 | AI38: 0 | AJ38: 0 | AK38: 0 | AL38: 0 | AM38: 0 | AN38: 0 | AO38: 0 | AP38: 0 | AQ38: 0 | AR38: 0 | AS38: 0 | AT38: 0 | AU38: 0 | AV38: 0 | AW38: 0 | AX38: 0 | AY38: 1 | AZ38: 1 | BA38: 1 | BB38: 1 | BC38: 1 | BD38: 1 | BE38: 1 | BF38: 1 | BG38: 1 | BH38: 1 | BI38: 1 | BJ38: 1 | BK38: 1 | BL38: 1 | BM38: 1 | BN38: 1 | BO38: 1 | BP38: 1 | BQ38: 1 | BR38: 1 | BS38: 1 | BT38: 1 | BU38: 1 | BV38: 1 | BW38: 1 | BX38: 1 | BY38: 1 | BZ38: 1 | CK38: 1 | CL38: 1 | CM38: 1 | CN38: 1 | CO38: 1 | CP38: 1 | CQ38: 1 | CR38: 1 | CS38: 1 | CT38: 1 | CU38: 1 | CV38: 1 | CW38: 1 | CX38: 1 | CY38: 1 | CZ38: 1 | DA38: 1 | DB38: 1 | DC38: 1 | DD38: 1 | DE38: 1 | DF38: 1 | DG38: 1 | DH38: 1 | DI38: 1 | DJ38: 1 | DK38: 1 | DL38: 1 | DM38: 1 | DN38: 1 | DO38: 1 | DP38: 1 | DQ38: 1 | DR38: 1 | DS38: 1 | DT38: 1 | DU38: 1 | DV38: 1 | DW38: 1 | DX38: 1 | DY38: 1 | DZ38: 1 | EA38: 1 | EB38: 1 | EC38: 1 | ED38: 1 | EE38: 1 | EF38: 1 | EG38: 1 | EH38: 1 | EI38: 1 | EJ38: 1 | EK38: 1 | EL38: 1 | EM38: 1 | EN38: 1 | EO38: 1 | EP38: 1 | EQ38: 1 | ER38: 1 | ES38: =SUM(I39:R39) -> 0 | ET38: =SUM(S38:AB38) -> 0 | EU38: =SUM(AC38:AL38) -> 0 | EV38: =SUM(AM38:AV38) -> 0 | EW38: =SUM(BG38:BP38) -> 10 | EX38: =SUM(BG38:BP38) -> 10 | EY38: =SUM(BQ38:BZ38) -> 10 | EZ38: =SUM(CA38:CJ38) -> 0 | FA38: =SUM(CK38:CT38) -> 10 | FB38: =SUM(CU38:DD38) -> 10 | FC38: =SUM(DE38:DN38) -> 10 | FD38: =SUM(DO38:DX38) -> 10 | FE38: =SUM(DY38:EH38) -> 10 | FF38: =SUM(EI38:ER38) -> 10 | FG38: =ROW(FG36) -> 36 | FH38: =SUM(ES38:FF38) -> 90 | FI38: =SUM(I7:ER7)-SUM(ES38:FF38) -> 38 | FJ38: =SUM(FH38:FI38) -> 128
B39: =IF(ISTEXT(D39),1,0) -> 1 | C39: 32 | D39: ABUDUJELI LEKAN | G39: 45915 | I39: 0 | J39: 0 | K39: 0 | L39: 0 | M39: 0 | N39: 0 | O39: 0 | P39: 0 | Q39: 0 | R39: 0 | S39: 0 | T39: 0 | U39: 0 | V39: 0 | W39: 0 | X39: 0 | Y39: 0 | Z39: 0 | AA39: 0 | AB39: 0 | AC39: 0 | AD39: 0 | AE39: 0 | AF39: 0 | AI39: 0 | AJ39: 0 | AK39: 0 | AL39: 0 | AM39: 0 | AN39: 0 | AO39: 0 | AP39: 0 | AQ39: 0 | AR39: 0 | AS39: 0 | AT39: 0 | AU39: 0 | AV39: 0 | AW39: 1 | AX39: 1 | AY39: 1 | AZ39: 1 | BA39: 1 | BB39: 1 | BC39: 0 | BD39: 0 | BE39: 1 | BF39: 1 | BG39: 1 | BH39: 1 | BI39: 1 | BJ39: 1 | BK39: 1 | BL39: 1 | BM39: 1 | BN39: 1 | BO39: 1 | BP39: 1 | BQ39: 1 | BR39: 1 | BS39: 1 | BT39: 1 | BU39: 1 | BV39: 1 | BW39: 1 | BX39: 1 | BY39: 1 | BZ39: 1 | CK39: 1 | CL39: 1 | CM39: 1 | CN39: 1 | CO39: 1 | CP39: 1 | CQ39: 1 | CR39: 1 | CS39: 1 | CT39: 1 | CU39: 1 | CV39: 1 | CW39: 1 | CX39: 1 | CY39: 1 | CZ39: 1 | DA39: 1 | DB39: 1 | DC39: 1 | DD39: 1 | DE39: 1 | DF39: 1 | DG39: 1 | DH39: 1 | DI39: 1 | DJ39: 1 | DK39: 1 | DL39: 1 | DM39: 1 | DN39: 1 | DO39: 1 | DP39: 1 | DQ39: 1 | DR39: 1 | DS39: 1 | DT39: 1 | DU39: 1 | DV39: 1 | DW39: 1 | DX39: 1 | DY39: 1 | DZ39: 1 | EA39: 1 | EB39: 1 | EC39: 1 | ED39: 1 | EE39: 1 | EF39: 1 | EG39: 1 | EH39: 1 | EI39: 1 | EJ39: 1 | EK39: 1 | EL39: 1 | EM39: 1 | EN39: 1 | EO39: 1 | EP39: 1 | EQ39: 1 | ER39: 1 | ES39: =SUM(I40:R40) -> 0 | ET39: =SUM(S39:AB39) -> 0 | EU39: =SUM(AC39:AL39) -> 0 | EV39: =SUM(AM39:AV39) -> 0 | EW39: =SUM(BG39:BP39) -> 10 | EX39: =SUM(BG39:BP39) -> 10 | EY39: =SUM(BQ39:BZ39) -> 10 | EZ39: =SUM(CA39:CJ39) -> 0 | FA39: =SUM(CK39:CT39) -> 10 | FB39: =SUM(CU39:DD39) -> 10 | FC39: =SUM(DE39:DN39) -> 10 | FD39: =SUM(DO39:DX39) -> 10 | FE39: =SUM(DY39:EH39) -> 10 | FF39: =SUM(EI39:ER39) -> 10 | FG39: =ROW(FG37) -> 37 | FH39: =SUM(ES39:FF39) -> 90 | FI39: =SUM(I7:ER7)-SUM(ES39:FF39) -> 38 | FJ39: =SUM(FH39:FI39) -> 128
B40: =IF(ISTEXT(D40),1,0) -> 1 | C40: 33 | D40: AKINDELE SODIQ | G40: 45915 | I40: 0 | J40: 0 | K40: 0 | L40: 0 | M40: 0 | N40: 0 | O40: 0 | P40: 0 | Q40: 0 | R40: 0 | S40: 0 | T40: 0 | U40: 0 | V40: 0 | W40: 0 | X40: 0 | Y40: 0 | Z40: 0 | AA40: 0 | AB40: 0 | AC40: 0 | AD40: 0 | AE40: 0 | AF40: 0 | AI40: 0 | AJ40: 0 | AK40: 0 | AL40: 0 | AM40: 0 | AN40: 0 | AO40: 0 | AP40: 0 | AQ40: 0 | AR40: 0 | AS40: 0 | AT40: 0 | AU40: 0 | AV40: 0 | AW40: 0 | AX40: 0 | AY40: 0 | AZ40: 0 | BA40: 0 | BB40: 0 | BC40: 0 | BD40: 0 | BE40: 0 | BF40: 0 | BG40: 1 | BH40: 1 | BI40: 1 | BJ40: 1 | BK40: 1 | BL40: 1 | BM40: 1 | BN40: 1 | BO40: 1 | BP40: 1 | BQ40: 1 | BR40: 1 | BS40: 1 | BT40: 1 | BU40: 1 | BV40: 1 | BW40: 1 | BX40: 1 | BY40: 1 | BZ40: 1 | CK40: 1 | CL40: 1 | CM40: 1 | CN40: 1 | CO40: 1 | CP40: 1 | CQ40: 1 | CR40: 1 | CS40: 1 | CT40: 1 | CU40: 1 | CV40: 1 | CW40: 1 | CX40: 1 | CY40: 1 | CZ40: 1 | DA40: 1 | DB40: 1 | DC40: 1 | DD40: 1 | DE40: 1 | DF40: 1 | DG40: 1 | DH40: 1 | DI40: 1 | DJ40: 1 | DK40: 1 | DL40: 1 | DM40: 1 | DN40: 1 | DO40: 1 | DP40: 1 | DQ40: 1 | DR40: 1 | DS40: 1 | DT40: 1 | DU40: 1 | DV40: 1 | DW40: 1 | DX40: 1 | DY40: 1 | DZ40: 1 | EA40: 1 | EB40: 1 | EC40: 1 | ED40: 1 | EE40: 1 | EF40: 1 | EG40: 1 | EH40: 1 | EI40: 1 | EJ40: 1 | EK40: 1 | EL40: 1 | EM40: 1 | EN40: 1 | EO40: 1 | EP40: 1 | EQ40: 1 | ER40: 1 | ES40: =SUM(I41:R41) -> 0 | ET40: =SUM(S40:AB40) -> 0 | EU40: =SUM(AC40:AL40) -> 0 | EV40: =SUM(AM40:AV40) -> 0 | EW40: =SUM(BG40:BP40) -> 10 | EX40: =SUM(BG40:BP40) -> 10 | EY40: =SUM(BQ40:BZ40) -> 10 | EZ40: =SUM(CA40:CJ40) -> 0 | FA40: =SUM(CK40:CT40) -> 10 | FB40: =SUM(CU40:DD40) -> 10 | FC40: =SUM(DE40:DN40) -> 10 | FD40: =SUM(DO40:DX40) -> 10 | FE40: =SUM(DY40:EH40) -> 10 | FF40: =SUM(EI40:ER40) -> 10 | FG40: =ROW(FG38) -> 38 | FH40: =SUM(ES40:FF40) -> 90 | FI40: =SUM(I7:ER7)-SUM(ES40:FF40) -> 38 | FJ40: =SUM(FH40:FI40) -> 128
B41: =IF(ISTEXT(D41),1,0) -> 0 | C41: 34 | G41: 45915 | FG41: =ROW(FG39) -> 39 | FH41: =SUM(ES41:FF41) -> 0 | FI41: =SUM(I7:ER7)-SUM(ES41:FF41) -> 128 | FJ41: =SUM(FH41:FI41) -> 128
B42: =IF(ISTEXT(D42),1,0) -> 0 | C42: 35 | G42: 45915 | FG42: =ROW(FG40) -> 40 | FH42: =SUM(ES42:FF42) -> 0 | FI42: =SUM(I7:ER7)-SUM(ES42:FF42) -> 128 | FJ42: =SUM(FH42:FI42) -> 128
B43: =IF(ISTEXT(D43),1,0) -> 0 | C43: 36 | G43: 45915 | FG43: =ROW(FG41) -> 41 | FH43: =SUM(ES43:FF43) -> 0 | FI43: =SUM(I7:ER7)-SUM(ES43:FF43) -> 128 | FJ43: =SUM(FH43:FI43) -> 128
B44: =IF(ISTEXT(D44),1,0) -> 0 | C44: 37 | G44: 45915 | FG44: =ROW(FG42) -> 42 | FH44: =SUM(ES44:FF44) -> 0 | FI44: =SUM(I7:ER7)-SUM(ES44:FF44) -> 128 | FJ44: =SUM(FH44:FI44) -> 128
B45: =IF(ISTEXT(D45),1,0) -> 0 | C45: 38 | G45: 45915 | FG45: =ROW(FG43) -> 43 | FH45: =SUM(ES45:FF45) -> 0 | FI45: =SUM(I7:ER7)-SUM(ES45:FF45) -> 128 | FJ45: =SUM(FH45:FI45) -> 128
B46: =IF(ISTEXT(D46),1,0) -> 0 | C46: 39 | G46: 45915 | FG46: =ROW(FG44) -> 44 | FH46: =SUM(ES46:FF46) -> 0 | FI46: =SUM(I7:ER7)-SUM(ES46:FF46) -> 128 | FJ46: =SUM(FH46:FI46) -> 128
B47: =IF(ISTEXT(D47),1,0) -> 0 | C47: 40 | G47: 45915 | FG47: =ROW(FG45) -> 45 | FH47: =SUM(ES47:FF47) -> 0 | FI47: =SUM(I7:ER7)-SUM(ES47:FF47) -> 128 | FJ47: =SUM(FH47:FI47) -> 128
B48: =IF(ISTEXT(D48),1,0) -> 0 | C48: 41 | G48: 45915 | FG48: =ROW(FG46) -> 46 | FH48: =SUM(ES48:FF48) -> 0 | FI48: =SUM(I7:ER7)-SUM(ES48:FF48) -> 128 | FJ48: =SUM(FH48:FI48) -> 128
B49: =IF(ISTEXT(D49),1,0) -> 0 | C49: 42 | G49: 45915 | FG49: =ROW(FG47) -> 47 | FH49: =SUM(ES49:FF49) -> 0 | FI49: =SUM(I7:ER7)-SUM(ES49:FF49) -> 128 | FJ49: =SUM(FH49:FI49) -> 128
B50: =IF(ISTEXT(D50),1,0) -> 0 | C50: 43 | G50: 45915 | FG50: =ROW(FG48) -> 48 | FH50: =SUM(ES50:FF50) -> 0 | FI50: =SUM(I7:ER7)-SUM(ES50:FF50) -> 128 | FJ50: =SUM(FH50:FI50) -> 128
B51: =IF(ISTEXT(D51),1,0) -> 0 | C51: 44 | G51: 45915 | FG51: =ROW(FG49) -> 49 | FH51: =SUM(ES51:FF51) -> 0 | FI51: =SUM(I7:ER7)-SUM(ES51:FF51) -> 128 | FJ51: =SUM(FH51:FI51) -> 128
B52: =IF(ISTEXT(D52),1,0) -> 0 | C52: 45 | G52: 45915 | FG52: =ROW(FG50) -> 50 | FH52: =SUM(ES52:FF52) -> 0 | FI52: =SUM(I7:ER7)-SUM(ES52:FF52) -> 128 | FJ52: =SUM(FH52:FI52) -> 128
B53: =IF(ISTEXT(D53),1,0) -> 0 | C53: 46 | G53: 45915 | FG53: =ROW(FG51) -> 51 | FH53: =SUM(ES53:FF53) -> 0 | FI53: =SUM(I7:ER7)-SUM(ES53:FF53) -> 128 | FJ53: =SUM(FH53:FI53) -> 128
B54: =IF(ISTEXT(D54),1,0) -> 0 | C54: 47 | G54: 45915 | FG54: =ROW(FG52) -> 52 | FH54: =SUM(ES54:FF54) -> 0 | FI54: =SUM(I7:ER7)-SUM(ES54:FF54) -> 128 | FJ54: =SUM(FH54:FI54) -> 128
B55: =IF(ISTEXT(D55),1,0) -> 0 | C55: 48 | G55: 45915 | FG55: =ROW(FG53) -> 53 | FH55: =SUM(ES55:FF55) -> 0 | FI55: =SUM(I7:ER7)-SUM(ES55:FF55) -> 128 | FJ55: =SUM(FH55:FI55) -> 128
B56: =IF(ISTEXT(D56),1,0) -> 0 | C56: 49 | G56: 45915 | FG56: =ROW(FG54) -> 54 | FH56: =SUM(ES56:FF56) -> 0 | FI56: =SUM(I7:ER7)-SUM(ES56:FF56) -> 128 | FJ56: =SUM(FH56:FI56) -> 128
B57: =IF(ISTEXT(D57),1,0) -> 0 | C57: 50 | G57: 45915
D59: FOR GIRLS ONLY( WITH RED INK)
B60: =IF(ISTEXT(D60),1,0) -> 1 | C60: 1 | D60: ADENIRAN BLESSING | G60: 45915 | I60: 0 | J60: 0 | K60: 0 | L60: 0 | M60: 0 | N60: 0 | O60: 0 | P60: 0 | Q60: 0 | R60: 0 | S60: 1 | T60: 1 | U60: 1 | V60: 1 | W60: 1 | X60: 1 | Y60: 1 | Z60: 1 | AA60: 1 | AB60: 1 | AC60: 0 | AD60: 0 | AE60: 1 | AF60: 1 | AI60: 1 | AJ60: 1 | AK60: 1 | AL60: 1 | AM60: 1 | AN60: 1 | AO60: 1 | AP60: 1 | AQ60: 1 | AR60: 1 | AS60: 1 | AT60: 1 | AU60: 1 | AV60: 1 | AW60: 1 | AX60: 1 | AY60: 1 | AZ60: 1 | BA60: 1 | BB60: 1 | BC60: 1 | BD60: 1 | BE60: 1 | BF60: 1 | BG60: 1 | BH60: 1 | BI60: 1 | BJ60: 1 | BK60: 1 | BL60: 1 | BM60: 1 | BN60: 1 | BO60: 1 | BP60: 1 | BQ60: 1 | BR60: 1 | BS60: 1 | BT60: 1 | BU60: 1 | BV60: 1 | BW60: 1 | BX60: 1 | BY60: 1 | BZ60: 1 | CK60: 1 | CL60: 1 | CM60: 1 | CN60: 1 | CO60: 1 | CP60: 1 | CQ60: 1 | CR60: 1 | CS60: 1 | CT60: 1 | CU60: 1 | CV60: 1 | CW60: 1 | CX60: 1 | CY60: 1 | CZ60: 1 | DA60: 1 | DB60: 1 | DC60: 1 | DD60: 1 | DE60: 1 | DF60: 1 | DG60: 1 | DH60: 1 | DI60: 1 | DJ60: 1 | DK60: 1 | DL60: 1 | DM60: 1 | DN60: 1 | DO60: 1 | DP60: 1 | DQ60: 1 | DR60: 1 | DS60: 1 | DT60: 1 | DU60: 1 | DV60: 1 | DW60: 1 | DX60: 1 | DY60: 1 | DZ60: 1 | EA60: 1 | EB60: 1 | EC60: 1 | ED60: 1 | EE60: 1 | EF60: 1 | EG60: 1 | EH60: 1 | EI60: 1 | EJ60: 1 | EK60: 1 | EL60: 1 | EM60: 1 | EN60: 1 | EO60: 1 | EP60: 1 | EQ60: 1 | ER60: 1 | ES60: =SUM(I61:R61) -> 6 | ET60: =SUM(S60:AB60) -> 10 | EU60: =SUM(AC60:AL60) -> 6 | EV60: =SUM(AM60:AV60) -> 10 | EW60: =SUM(BG60:BP60) -> 10 | EX60: =SUM(BG60:BP60) -> 10 | EY60: =SUM(BQ60:BZ60) -> 10 | EZ60: =SUM(CA60:CJ60) -> 0 | FA60: =SUM(CK60:CT60) -> 10 | FB60: =SUM(CU60:DD60) -> 10 | FC60: =SUM(DE60:DN60) -> 10 | FD60: =SUM(DO60:DX60) -> 10 | FE60: =SUM(DY60:EH60) -> 10 | FF60: =SUM(EI60:ER60) -> 10 | FG60: =ROW(FG30) -> 30 | FH60: =SUM(ES60:FF60) -> 122 | FI60: =SUM(I7:ER7)-SUM(ES60:FF60) -> 6 | FJ60: =SUM(FH60:FI60) -> 128
B61: =IF(ISTEXT(D61),1,0) -> 1 | C61: =ROW(D2) -> 2 | D61: ADIIKWU PEACE | G61: 45915 | I61: 0 | J61: 0 | K61: 1 | L61: 1 | M61: 0 | N61: 0 | O61: 1 | P61: 1 | Q61: 1 | R61: 1 | S61: 1 | T61: 1 | U61: 1 | V61: 1 | W61: 1 | X61: 1 | Y61: 1 | Z61: 1 | AA61: 1 | AB61: 1 | AC61: 1 | AD61: 1 | AE61: 1 | AF61: 1 | AI61: 1 | AJ61: 1 | AK61: 1 | AL61: 1 | AM61: 0 | AN61: 0 | AO61: 1 | AP61: 1 | AQ61: 1 | AR61: 1 | AS61: 1 | AT61: 1 | AU61: 1 | AV61: 1 | AW61: 1 | AX61: 1 | AY61: 1 | AZ61: 1 | BA61: 1 | BB61: 1 | BC61: 1 | BD61: 1 | BE61: 1 | BF61: 1 | BG61: 1 | BH61: 1 | BI61: 1 | BJ61: 1 | BK61: 1 | BL61: 1 | BM61: 1 | BN61: 1 | BO61: 1 | BP61: 1 | BQ61: 1 | BR61: 1 | BS61: 1 | BT61: 1 | BU61: 1 | BV61: 1 | BW61: 1 | BX61: 1 | BY61: 1 | BZ61: 1 | CK61: 1 | CL61: 1 | CM61: 1 | CN61: 1 | CO61: 1 | CP61: 1 | CQ61: 1 | CR61: 1 | CS61: 1 | CT61: 1 | CU61: 1 | CV61: 1 | CW61: 1 | CX61: 1 | CY61: 1 | CZ61: 1 | DA61: 1 | DB61: 1 | DC61: 1 | DD61: 1 | DE61: 1 | DF61: 1 | DG61: 1 | DH61: 1 | DI61: 1 | DJ61: 1 | DK61: 1 | DL61: 1 | DM61: 1 | DN61: 1 | DO61: 1 | DP61: 1 | DQ61: 1 | DR61: 1 | DS61: 1 | DT61: 1 | DU61: 1 | DV61: 1 | DW61: 1 | DX61: 1 | DY61: 1 | DZ61: 1 | EA61: 1 | EB61: 1 | EC61: 1 | ED61: 1 | EE61: 1 | EF61: 1 | EG61: 1 | EH61: 1 | EI61: 1 | EJ61: 1 | EK61: 1 | EL61: 1 | EM61: 1 | EN61: 1 | EO61: 1 | EP61: 1 | EQ61: 1 | ER61: 1 | ES61: =SUM(I62:R62) -> 8 | ET61: =SUM(S61:AB61) -> 10 | EU61: =SUM(AC61:AL61) -> 8 | EV61: =SUM(AM61:AV61) -> 8 | EW61: =SUM(BG61:BP61) -> 10 | EX61: =SUM(BG61:BP61) -> 10 | EY61: =SUM(BQ61:BZ61) -> 10 | EZ61: =SUM(CA61:CJ61) -> 0 | FA61: =SUM(CK61:CT61) -> 10 | FB61: =SUM(CU61:DD61) -> 10 | FC61: =SUM(DE61:DN61) -> 10 | FD61: =SUM(DO61:DX61) -> 10 | FE61: =SUM(DY61:EH61) -> 10 | FF61: =SUM(EI61:ER61) -> 10 | FG61: =ROW(FG59) -> 59 | FH61: =SUM(ES61:FF61) -> 124 | FI61: =SUM(I7:ER7)-SUM(ES61:FF61) -> 4 | FJ61: =SUM(FH61:FI61) -> 128
B62: =IF(ISTEXT(D62),1,0) -> 1 | C62: =ROW(D3) -> 3 | D62: AJIJOLA AISHAT | G62: 45915 | I62: 1 | J62: 1 | K62: 1 | L62: 1 | M62: 0 | N62: 0 | O62: 1 | P62: 1 | Q62: 1 | R62: 1 | S62: 1 | T62: 1 | U62: 1 | V62: 1 | W62: 1 | X62: 1 | Y62: 1 | Z62: 1 | AA62: 1 | AB62: 1 | AC62: 1 | AD62: 1 | AE62: 1 | AF62: 1 | AI62: 1 | AJ62: 1 | AK62: 1 | AL62: 1 | AM62: 1 | AN62: 1 | AO62: 1 | AP62: 1 | AQ62: 1 | AR62: 1 | AS62: 1 | AT62: 1 | AU62: 1 | AV62: 1 | AW62: 1 | AX62: 1 | AY62: 1 | AZ62: 1 | BA62: 1 | BB62: 1 | BC62: 1 | BD62: 1 | BE62: 1 | BF62: 1 | BG62: 1 | BH62: 1 | BI62: 1 | BJ62: 1 | BK62: 1 | BL62: 1 | BM62: 1 | BN62: 1 | BO62: 1 | BP62: 1 | BQ62: 1 | BR62: 1 | BS62: 1 | BT62: 1 | BU62: 1 | BV62: 1 | BW62: 1 | BX62: 1 | BY62: 1 | BZ62: 1 | CK62: 1 | CL62: 1 | CM62: 1 | CN62: 1 | CO62: 1 | CP62: 1 | CQ62: 1 | CR62: 1 | CS62: 1 | CT62: 1 | CU62: 1 | CV62: 1 | CW62: 1 | CX62: 1 | CY62: 1 | CZ62: 1 | DA62: 1 | DB62: 1 | DC62: 1 | DD62: 1 | DE62: 1 | DF62: 1 | DG62: 1 | DH62: 1 | DI62: 1 | DJ62: 1 | DK62: 1 | DL62: 1 | DM62: 1 | DN62: 1 | DO62: 1 | DP62: 1 | DQ62: 1 | DR62: 1 | DS62: 1 | DT62: 1 | DU62: 1 | DV62: 1 | DW62: 1 | DX62: 1 | DY62: 1 | DZ62: 1 | EA62: 1 | EB62: 1 | EC62: 1 | ED62: 1 | EE62: 1 | EF62: 1 | EG62: 1 | EH62: 1 | EI62: 1 | EJ62: 1 | EK62: 1 | EL62: 1 | EM62: 1 | EN62: 1 | EO62: 1 | EP62: 1 | EQ62: 1 | ER62: 1 | ES62: =SUM(I63:R63) -> 8 | ET62: =SUM(S62:AB62) -> 10 | EU62: =SUM(AC62:AL62) -> 8 | EV62: =SUM(AM62:AV62) -> 10 | EW62: =SUM(BG62:BP62) -> 10 | EX62: =SUM(BG62:BP62) -> 10 | EY62: =SUM(BQ62:BZ62) -> 10 | EZ62: =SUM(CA62:CJ62) -> 0 | FA62: =SUM(CK62:CT62) -> 10 | FB62: =SUM(CU62:DD62) -> 10 | FC62: =SUM(DE62:DN62) -> 10 | FD62: =SUM(DO62:DX62) -> 10 | FE62: =SUM(DY62:EH62) -> 10 | FF62: =SUM(EI62:ER62) -> 10 | FG62: =ROW(FG60) -> 60 | FH62: =SUM(ES62:FF62) -> 126 | FI62: =SUM(I7:ER7)-SUM(ES62:FF62) -> 2 | FJ62: =SUM(FH62:FI62) -> 128
B63: =IF(ISTEXT(D63),1,0) -> 1 | C63: =ROW(D4) -> 4 | D63: ARIYIBI RACHEAL | G63: 45915 | I63: 0 | J63: 0 | K63: 1 | L63: 1 | M63: 1 | N63: 1 | O63: 1 | P63: 1 | Q63: 1 | R63: 1 | S63: 1 | T63: 1 | U63: 1 | V63: 1 | W63: 1 | X63: 1 | Y63: 1 | Z63: 1 | AA63: 1 | AB63: 1 | AC63: 1 | AD63: 1 | AE63: 1 | AF63: 1 | AI63: 1 | AJ63: 1 | AK63: 1 | AL63: 1 | AM63: 1 | AN63: 1 | AO63: 1 | AP63: 1 | AQ63: 1 | AR63: 1 | AS63: 1 | AT63: 1 | AU63: 1 | AV63: 1 | AW63: 1 | AX63: 1 | AY63: 1 | AZ63: 1 | BA63: 1 | BB63: 1 | BC63: 1 | BD63: 1 | BE63: 1 | BF63: 1 | BG63: 1 | BH63: 1 | BI63: 1 | BJ63: 1 | BK63: 1 | BL63: 1 | BM63: 1 | BN63: 1 | BO63: 1 | BP63: 1 | BQ63: 1 | BR63: 1 | BS63: 1 | BT63: 1 | BU63: 1 | BV63: 1 | BW63: 1 | BX63: 1 | BY63: 1 | BZ63: 1 | CK63: 1 | CL63: 1 | CM63: 1 | CN63: 1 | CO63: 1 | CP63: 1 | CQ63: 1 | CR63: 1 | CS63: 1 | CT63: 1 | CU63: 1 | CV63: 1 | CW63: 1 | CX63: 1 | CY63: 1 | CZ63: 1 | DA63: 1 | DB63: 1 | DC63: 1 | DD63: 1 | DE63: 1 | DF63: 1 | DG63: 1 | DH63: 1 | DI63: 1 | DJ63: 1 | DK63: 1 | DL63: 1 | DM63: 1 | DN63: 1 | DO63: 1 | DP63: 1 | DQ63: 1 | DR63: 1 | DS63: 1 | DT63: 1 | DU63: 1 | DV63: 1 | DW63: 1 | DX63: 1 | DY63: 1 | DZ63: 1 | EA63: 1 | EB63: 1 | EC63: 1 | ED63: 1 | EE63: 1 | EF63: 1 | EG63: 1 | EH63: 1 | EI63: 1 | EJ63: 1 | EK63: 1 | EL63: 1 | EM63: 1 | EN63: 1 | EO63: 1 | EP63: 1 | EQ63: 1 | ER63: 1 | ES63: =SUM(I64:R64) -> 4 | ET63: =SUM(S63:AB63) -> 10 | EU63: =SUM(AC63:AL63) -> 8 | EV63: =SUM(AM63:AV63) -> 10 | EW63: =SUM(BG63:BP63) -> 10 | EX63: =SUM(BG63:BP63) -> 10 | EY63: =SUM(BQ63:BZ63) -> 10 | EZ63: =SUM(CA63:CJ63) -> 0 | FA63: =SUM(CK63:CT63) -> 10 | FB63: =SUM(CU63:DD63) -> 10 | FC63: =SUM(DE63:DN63) -> 10 | FD63: =SUM(DO63:DX63) -> 10 | FE63: =SUM(DY63:EH63) -> 10 | FF63: =SUM(EI63:ER63) -> 10 | FG63: =ROW(FG61) -> 61 | FH63: =SUM(ES63:FF63) -> 122 | FI63: =SUM(I7:ER7)-SUM(ES63:FF63) -> 6 | FJ63: =SUM(FH63:FI63) -> 128
B64: =IF(ISTEXT(D64),1,0) -> 1 | C64: =ROW(D5) -> 5 | D64: BAKARE ABIBAT | G64: 45915 | I64: 0 | J64: 0 | K64: 0 | L64: 0 | M64: 0 | N64: 0 | O64: 1 | P64: 1 | Q64: 1 | R64: 1 | S64: 1 | T64: 1 | U64: 1 | V64: 1 | W64: 1 | X64: 1 | Y64: 1 | Z64: 1 | AA64: 1 | AB64: 1 | AC64: 1 | AD64: 1 | AE64: 1 | AF64: 1 | AI64: 1 | AJ64: 1 | AK64: 1 | AL64: 1 | AM64: 1 | AN64: 1 | AO64: 1 | AP64: 1 | AQ64: 1 | AR64: 1 | AS64: 1 | AT64: 1 | AU64: 1 | AV64: 1 | AW64: 1 | AX64: 1 | AY64: 1 | AZ64: 1 | BA64: 1 | BB64: 1 | BC64: 1 | BD64: 1 | BE64: 1 | BF64: 1 | BG64: 1 | BH64: 1 | BI64: 1 | BJ64: 1 | BK64: 1 | BL64: 1 | BM64: 1 | BN64: 1 | BO64: 1 | BP64: 1 | BQ64: 1 | BR64: 1 | BS64: 1 | BT64: 1 | BU64: 1 | BV64: 1 | BW64: 1 | BX64: 1 | BY64: 1 | BZ64: 1 | CK64: 1 | CL64: 1 | CM64: 1 | CN64: 1 | CO64: 0 | CP64: 0 | CQ64: 0 | CR64: 0 | CS64: 1 | CT64: 1 | CU64: 1 | CV64: 1 | CW64: 1 | CX64: 1 | CY64: 1 | CZ64: 1 | DA64: 1 | DB64: 1 | DC64: 1 | DD64: 1 | DE64: 1 | DF64: 1 | DG64: 1 | DH64: 1 | DI64: 1 | DJ64: 1 | DK64: 1 | DL64: 1 | DM64: 1 | DN64: 1 | DO64: 1 | DP64: 1 | DQ64: 1 | DR64: 1 | DS64: 1 | DT64: 1 | DU64: 1 | DV64: 1 | DW64: 1 | DX64: 1 | DY64: 1 | DZ64: 1 | EA64: 1 | EB64: 1 | EC64: 1 | ED64: 1 | EE64: 1 | EF64: 1 | EG64: 1 | EH64: 1 | EI64: 1 | EJ64: 1 | EK64: 1 | EL64: 1 | EM64: 1 | EN64: 1 | EO64: 1 | EP64: 1 | EQ64: 1 | ER64: 1 | ES64: =SUM(I65:R65) -> 0 | ET64: =SUM(S64:AB64) -> 10 | EU64: =SUM(AC64:AL64) -> 8 | EV64: =SUM(AM64:AV64) -> 10 | EW64: =SUM(BG64:BP64) -> 10 | EX64: =SUM(BG64:BP64) -> 10 | EY64: =SUM(BQ64:BZ64) -> 10 | EZ64: =SUM(CA64:CJ64) -> 0 | FA64: =SUM(CK64:CT64) -> 6 | FB64: =SUM(CU64:DD64) -> 10 | FC64: =SUM(DE64:DN64) -> 10 | FD64: =SUM(DO64:DX64) -> 10 | FE64: =SUM(DY64:EH64) -> 10 | FF64: =SUM(EI64:ER64) -> 10 | FG64: =ROW(FG62) -> 62 | FH64: =SUM(ES64:FF64) -> 114 | FI64: =SUM(I7:ER7)-SUM(ES64:FF64) -> 14 | FJ64: =SUM(FH64:FI64) -> 128
B65: =IF(ISTEXT(D65),1,0) -> 1 | C65: =ROW(D6) -> 6 | D65: BAKARE ROFIAT | G65: 45915 | I65: 0 | J65: 0 | K65: 0 | L65: 0 | M65: 0 | N65: 0 | O65: 0 | P65: 0 | Q65: 0 | R65: 0 | S65: 1 | T65: 1 | U65: 1 | V65: 1 | W65: 1 | X65: 1 | Y65: 1 | Z65: 1 | AA65: 1 | AB65: 1 | AC65: 1 | AD65: 1 | AE65: 1 | AF65: 1 | AI65: 1 | AJ65: 1 | AK65: 1 | AL65: 1 | AM65: 0 | AN65: 0 | AO65: 1 | AP65: 1 | AQ65: 1 | AR65: 1 | AS65: 1 | AT65: 1 | AU65: 1 | AV65: 1 | AW65: 1 | AX65: 1 | AY65: 1 | AZ65: 1 | BA65: 1 | BB65: 1 | BC65: 1 | BD65: 1 | BE65: 1 | BF65: 1 | BG65: 1 | BH65: 1 | BI65: 1 | BJ65: 1 | BK65: 0 | BL65: 0 | BM65: 1 | BN65: 1 | BO65: 1 | BP65: 1 | BQ65: 1 | BR65: 1 | BS65: 1 | BT65: 1 | BU65: 1 | BV65: 1 | BW65: 1 | BX65: 1 | BY65: 1 | BZ65: 1 | CK65: 0 | CL65: 0 | CM65: 1 | CN65: 1 | CO65: 0 | CP65: 0 | CQ65: 0 | CR65: 0 | CS65: 1 | CT65: 1 | CU65: 1 | CV65: 1 | CW65: 1 | CX65: 1 | CY65: 1 | CZ65: 1 | DA65: 1 | DB65: 1 | DC65: 1 | DD65: 1 | DE65: 1 | DF65: 1 | DG65: 1 | DH65: 1 | DI65: 1 | DJ65: 1 | DK65: 1 | DL65: 1 | DM65: 1 | DN65: 1 | DO65: 1 | DP65: 1 | DQ65: 1 | DR65: 1 | DS65: 1 | DT65: 1 | DU65: 1 | DV65: 1 | DW65: 1 | DX65: 1 | DY65: 1 | DZ65: 1 | EA65: 1 | EB65: 1 | EC65: 1 | ED65: 1 | EE65: 1 | EF65: 1 | EG65: 1 | EH65: 1 | EI65: 1 | EJ65: 1 | EK65: 1 | EL65: 1 | EM65: 1 | EN65: 1 | EO65: 1 | EP65: 1 | EQ65: 1 | ER65: 1 | ES65: =SUM(I66:R66) -> 0 | ET65: =SUM(S65:AB65) -> 10 | EU65: =SUM(AC65:AL65) -> 8 | EV65: =SUM(AM65:AV65) -> 8 | EW65: =SUM(BG65:BP65) -> 8 | EX65: =SUM(BG65:BP65) -> 8 | EY65: =SUM(BQ65:BZ65) -> 10 | EZ65: =SUM(CA65:CJ65) -> 0 | FA65: =SUM(CK65:CT65) -> 4 | FB65: =SUM(CU65:DD65) -> 10 | FC65: =SUM(DE65:DN65) -> 10 | FD65: =SUM(DO65:DX65) -> 10 | FE65: =SUM(DY65:EH65) -> 10 | FF65: =SUM(EI65:ER65) -> 10 | FG65: =ROW(FG63) -> 63 | FH65: =SUM(ES65:FF65) -> 106 | FI65: =SUM(I7:ER7)-SUM(ES65:FF65) -> 22 | FJ65: =SUM(FH65:FI65) -> 128
B66: =IF(ISTEXT(D66),1,0) -> 1 | C66: =ROW(D7) -> 7 | D66: BANKOLE RECHEAL | G66: 45915 | I66: 0 | J66: 0 | K66: 0 | L66: 0 | M66: 0 | N66: 0 | O66: 0 | P66: 0 | Q66: 0 | R66: 0 | S66: 1 | T66: 1 | U66: 1 | V66: 1 | W66: 1 | X66: 1 | Y66: 1 | Z66: 1 | AA66: 1 | AB66: 1 | AC66: 1 | AD66: 1 | AE66: 1 | AF66: 1 | AI66: 1 | AJ66: 1 | AK66: 1 | AL66: 1 | AM66: 1 | AN66: 1 | AO66: 1 | AP66: 1 | AQ66: 1 | AR66: 1 | AS66: 1 | AT66: 1 | AU66: 1 | AV66: 1 | AW66: 1 | AX66: 1 | AY66: 1 | AZ66: 1 | BA66: 1 | BB66: 1 | BC66: 1 | BD66: 1 | BE66: 1 | BF66: 1 | BG66: 1 | BH66: 1 | BI66: 1 | BJ66: 1 | BK66: 1 | BL66: 1 | BM66: 1 | BN66: 1 | BO66: 1 | BP66: 1 | BQ66: 1 | BR66: 1 | BS66: 1 | BT66: 1 | BU66: 1 | BV66: 1 | BW66: 1 | BX66: 1 | BY66: 1 | BZ66: 1 | CK66: 1 | CL66: 1 | CM66: 1 | CN66: 1 | CO66: 1 | CP66: 1 | CQ66: 1 | CR66: 1 | CS66: 1 | CT66: 1 | CU66: 1 | CV66: 1 | CW66: 1 | CX66: 1 | CY66: 1 | CZ66: 1 | DA66: 1 | DB66: 1 | DC66: 1 | DD66: 1 | DE66: 1 | DF66: 1 | DG66: 1 | DH66: 1 | DI66: 1 | DJ66: 1 | DK66: 1 | DL66: 1 | DM66: 1 | DN66: 1 | DO66: 1 | DP66: 1 | DQ66: 1 | DR66: 1 | DS66: 1 | DT66: 1 | DU66: 1 | DV66: 1 | DW66: 1 | DX66: 1 | DY66: 1 | DZ66: 1 | EA66: 1 | EB66: 1 | EC66: 1 | ED66: 1 | EE66: 1 | EF66: 1 | EG66: 1 | EH66: 1 | EI66: 1 | EJ66: 1 | EK66: 1 | EL66: 1 | EM66: 1 | EN66: 1 | EO66: 1 | EP66: 1 | EQ66: 1 | ER66: 1 | ES66: =SUM(I67:R67) -> 0 | ET66: =SUM(S66:AB66) -> 10 | EU66: =SUM(AC66:AL66) -> 8 | EV66: =SUM(AM66:AV66) -> 10 | EW66: =SUM(BG66:BP66) -> 10 | EX66: =SUM(BG66:BP66) -> 10 | EY66: =SUM(BQ66:BZ66) -> 10 | EZ66: =SUM(CA66:CJ66) -> 0 | FA66: =SUM(CK66:CT66) -> 10 | FB66: =SUM(CU66:DD66) -> 10 | FC66: =SUM(DE66:DN66) -> 10 | FD66: =SUM(DO66:DX66) -> 10 | FE66: =SUM(DY66:EH66) -> 10 | FF66: =SUM(EI66:ER66) -> 10 | FG66: =ROW(FG64) -> 64 | FH66: =SUM(ES66:FF66) -> 118 | FI66: =SUM(I7:ER7)-SUM(ES66:FF66) -> 10 | FJ66: =SUM(FH66:FI66) -> 128
B67: =IF(ISTEXT(D67),1,0) -> 1 | C67: =ROW(D8) -> 8 | D67: CHARLES MERCY | G67: 45915 | I67: 0 | J67: 0 | K67: 0 | L67: 0 | M67: 0 | N67: 0 | O67: 0 | P67: 0 | Q67: 0 | R67: 0 | S67: 1 | T67: 1 | U67: 1 | V67: 1 | W67: 1 | X67: 1 | Y67: 1 | Z67: 1 | AA67: 1 | AB67: 1 | AC67: 0 | AD67: 0 | AE67: 1 | AF67: 1 | AI67: 1 | AJ67: 1 | AK67: 1 | AL67: 1 | AM67: 1 | AN67: 1 | AO67: 1 | AP67: 1 | AQ67: 1 | AR67: 1 | AS67: 1 | AT67: 1 | AU67: 1 | AV67: 1 | AW67: 1 | AX67: 1 | AY67: 1 | AZ67: 1 | BA67: 1 | BB67: 1 | BC67: 0 | BD67: 0 | BE67: 0 | BF67: 0 | BG67: 0 | BH67: 0 | BI67: 0 | BJ67: 0 | BK67: 1 | BL67: 1 | BM67: 1 | BN67: 1 | BO67: 1 | BP67: 1 | BQ67: 1 | BR67: 1 | BS67: 1 | BT67: 1 | BU67: 1 | BV67: 1 | BW67: 1 | BX67: 1 | BY67: 1 | BZ67: 1 | CK67: 1 | CL67: 1 | CM67: 1 | CN67: 1 | CO67: 1 | CP67: 1 | CQ67: 1 | CR67: 1 | CS67: 0 | CT67: 0 | CU67: 0 | CV67: 0 | CW67: 0 | CX67: 0 | CY67: 1 | CZ67: 1 | DA67: 0 | DB67: 0 | DC67: 1 | DD67: 1 | DE67: 1 | DF67: 1 | DG67: 1 | DH67: 1 | DI67: 0 | DJ67: 0 | DK67: 0 | DL67: 0 | DM67: 0 | DN67: 0 | DO67: 1 | DP67: 1 | DQ67: 1 | DR67: 1 | DS67: 1 | DT67: 1 | DU67: 1 | DV67: 1 | DW67: 1 | DX67: 1 | DY67: 1 | DZ67: 1 | EA67: 1 | EB67: 1 | EC67: 1 | ED67: 1 | EE67: 1 | EF67: 1 | EG67: 1 | EH67: 1 | EI67: 1 | EJ67: 1 | EK67: 1 | EL67: 1 | EM67: 1 | EN67: 1 | EO67: 1 | EP67: 1 | EQ67: 1 | ER67: 1 | ES67: =SUM(I68:R68) -> 0 | ET67: =SUM(S67:AB67) -> 10 | EU67: =SUM(AC67:AL67) -> 6 | EV67: =SUM(AM67:AV67) -> 10 | EW67: =SUM(BG67:BP67) -> 6 | EX67: =SUM(BG67:BP67) -> 6 | EY67: =SUM(BQ67:BZ67) -> 10 | EZ67: =SUM(CA67:CJ67) -> 0 | FA67: =SUM(CK67:CT67) -> 8 | FB67: =SUM(CU67:DD67) -> 4 | FC67: =SUM(DE67:DN67) -> 4 | FD67: =SUM(DO67:DX67) -> 10 | FE67: =SUM(DY67:EH67) -> 10 | FF67: =SUM(EI67:ER67) -> 10 | FG67: =ROW(FG65) -> 65 | FH67: =SUM(ES67:FF67) -> 94 | FI67: =SUM(I7:ER7)-SUM(ES67:FF67) -> 34 | FJ67: =SUM(FH67:FI67) -> 128
B68: =IF(ISTEXT(D68),1,0) -> 1 | C68: =ROW(D9) -> 9 | D68: DANIEL MARYANN | G68: 45915 | I68: 0 | J68: 0 | K68: 0 | L68: 0 | M68: 0 | N68: 0 | O68: 0 | P68: 0 | Q68: 0 | R68: 0 | S68: 1 | T68: 1 | U68: 1 | V68: 1 | W68: 1 | X68: 1 | Y68: 1 | Z68: 1 | AA68: 1 | AB68: 1 | AC68: 1 | AD68: 1 | AE68: 1 | AF68: 1 | AI68: 1 | AJ68: 1 | AK68: 1 | AL68: 1 | AM68: 1 | AN68: 1 | AO68: 1 | AP68: 1 | AQ68: 1 | AR68: 1 | AS68: 1 | AT68: 1 | AU68: 1 | AV68: 1 | AW68: 1 | AX68: 1 | AY68: 1 | AZ68: 1 | BA68: 1 | BB68: 1 | BC68: 0 | BD68: 0 | BE68: 1 | BF68: 1 | BG68: 1 | BH68: 1 | BI68: 1 | BJ68: 1 | BK68: 1 | BL68: 1 | BM68: 1 | BN68: 1 | BO68: 1 | BP68: 1 | BQ68: 1 | BR68: 1 | BS68: 1 | BT68: 1 | BU68: 1 | BV68: 1 | BW68: 1 | BX68: 1 | BY68: 1 | BZ68: 1 | CK68: 1 | CL68: 1 | CM68: 1 | CN68: 1 | CO68: 1 | CP68: 1 | CQ68: 1 | CR68: 1 | CS68: 1 | CT68: 1 | CU68: 1 | CV68: 1 | CW68: 1 | CX68: 1 | CY68: 1 | CZ68: 1 | DA68: 1 | DB68: 1 | DC68: 1 | DD68: 1 | DE68: 1 | DF68: 1 | DG68: 1 | DH68: 1 | DI68: 1 | DJ68: 1 | DK68: 1 | DL68: 1 | DM68: 1 | DN68: 1 | DO68: 1 | DP68: 1 | DQ68: 1 | DR68: 1 | DS68: 1 | DT68: 1 | DU68: 1 | DV68: 1 | DW68: 1 | DX68: 1 | DY68: 1 | DZ68: 1 | EA68: 1 | EB68: 1 | EC68: 1 | ED68: 1 | EE68: 1 | EF68: 1 | EG68: 1 | EH68: 1 | EI68: 1 | EJ68: 1 | EK68: 1 | EL68: 1 | EM68: 1 | EN68: 1 | EO68: 1 | EP68: 1 | EQ68: 1 | ER68: 1 | ES68: =SUM(I69:R69) -> 0 | ET68: =SUM(S68:AB68) -> 10 | EU68: =SUM(AC68:AL68) -> 8 | EV68: =SUM(AM68:AV68) -> 10 | EW68: =SUM(BG68:BP68) -> 10 | EX68: =SUM(BG68:BP68) -> 10 | EY68: =SUM(BQ68:BZ68) -> 10 | EZ68: =SUM(CA68:CJ68) -> 0 | FA68: =SUM(CK68:CT68) -> 10 | FB68: =SUM(CU68:DD68) -> 10 | FC68: =SUM(DE68:DN68) -> 10 | FD68: =SUM(DO68:DX68) -> 10 | FE68: =SUM(DY68:EH68) -> 10 | FF68: =SUM(EI68:ER68) -> 10 | FG68: =ROW(FG66) -> 66 | FH68: =SUM(ES68:FF68) -> 118 | FI68: =SUM(I7:ER7)-SUM(ES68:FF68) -> 10 | FJ68: =SUM(FH68:FI68) -> 128
B69: =IF(ISTEXT(D69),1,0) -> 1 | C69: =ROW(D10) -> 10 | D69: DAVID GOODNESS | G69: 45915 | I69: 0 | J69: 0 | K69: 0 | L69: 0 | M69: 0 | N69: 0 | O69: 0 | P69: 0 | Q69: 0 | R69: 0 | S69: 1 | T69: 1 | U69: 1 | V69: 1 | W69: 1 | X69: 1 | Y69: 1 | Z69: 1 | AA69: 1 | AB69: 1 | AC69: 1 | AD69: 1 | AE69: 1 | AF69: 1 | AI69: 1 | AJ69: 1 | AK69: 1 | AL69: 1 | AM69: 1 | AN69: 1 | AO69: 1 | AP69: 1 | AQ69: 1 | AR69: 1 | AS69: 1 | AT69: 1 | AU69: 0 | AV69: 0 | AW69: 1 | AX69: 1 | AY69: 1 | AZ69: 1 | BA69: 1 | BB69: 1 | BC69: 1 | BD69: 1 | BE69: 1 | BF69: 1 | BG69: 1 | BH69: 1 | BI69: 1 | BJ69: 1 | BK69: 1 | BL69: 1 | BM69: 1 | BN69: 1 | BO69: 1 | BP69: 1 | BQ69: 1 | BR69: 1 | BS69: 1 | BT69: 1 | BU69: 1 | BV69: 1 | BW69: 1 | BX69: 1 | BY69: 1 | BZ69: 1 | CK69: 1 | CL69: 1 | CM69: 1 | CN69: 1 | CO69: 1 | CP69: 1 | CQ69: 1 | CR69: 1 | CS69: 1 | CT69: 1 | CU69: 1 | CV69: 1 | CW69: 1 | CX69: 1 | CY69: 1 | CZ69: 1 | DA69: 1 | DB69: 1 | DC69: 1 | DD69: 1 | DE69: 1 | DF69: 1 | DG69: 1 | DH69: 1 | DI69: 1 | DJ69: 1 | DK69: 1 | DL69: 1 | DM69: 1 | DN69: 1 | DO69: 1 | DP69: 1 | DQ69: 1 | DR69: 1 | DS69: 1 | DT69: 1 | DU69: 1 | DV69: 1 | DW69: 1 | DX69: 1 | DY69: 1 | DZ69: 1 | EA69: 1 | EB69: 1 | EC69: 1 | ED69: 1 | EE69: 1 | EF69: 1 | EG69: 1 | EH69: 1 | EI69: 1 | EJ69: 1 | EK69: 1 | EL69: 1 | EM69: 1 | EN69: 1 | EO69: 1 | EP69: 1 | EQ69: 1 | ER69: 1 | ES69: =SUM(I70:R70) -> 0 | ET69: =SUM(S69:AB69) -> 10 | EU69: =SUM(AC69:AL69) -> 8 | EV69: =SUM(AM69:AV69) -> 8 | EW69: =SUM(BG69:BP69) -> 10 | EX69: =SUM(BG69:BP69) -> 10 | EY69: =SUM(BQ69:BZ69) -> 10 | EZ69: =SUM(CA69:CJ69) -> 0 | FA69: =SUM(CK69:CT69) -> 10 | FB69: =SUM(CU69:DD69) -> 10 | FC69: =SUM(DE69:DN69) -> 10 | FD69: =SUM(DO69:DX69) -> 10 | FE69: =SUM(DY69:EH69) -> 10 | FF69: =SUM(EI69:ER69) -> 10 | FG69: =ROW(FG67) -> 67 | FH69: =SUM(ES69:FF69) -> 116 | FI69: =SUM(I7:ER7)-SUM(ES69:FF69) -> 12 | FJ69: =SUM(FH69:FI69) -> 128
B70: =IF(ISTEXT(D70),1,0) -> 1 | C70: =ROW(D11) -> 11 | D70: EZEKIEL GLORY | G70: 45915 | I70: 0 | J70: 0 | K70: 0 | L70: 0 | M70: 0 | N70: 0 | O70: 0 | P70: 0 | Q70: 0 | R70: 0 | S70: 1 | T70: 1 | U70: 1 | V70: 1 | W70: 1 | X70: 1 | Y70: 1 | Z70: 1 | AA70: 1 | AB70: 1 | AC70: 1 | AD70: 1 | AE70: 1 | AF70: 1 | AI70: 1 | AJ70: 1 | AK70: 1 | AL70: 1 | AM70: 1 | AN70: 1 | AO70: 1 | AP70: 1 | AQ70: 1 | AR70: 1 | AS70: 1 | AT70: 1 | AU70: 1 | AV70: 1 | AW70: 1 | AX70: 1 | AY70: 1 | AZ70: 1 | BA70: 1 | BB70: 1 | BC70: 1 | BD70: 1 | BE70: 1 | BF70: 1 | BG70: 1 | BH70: 1 | BI70: 1 | BJ70: 1 | BK70: 1 | BL70: 1 | BM70: 1 | BN70: 1 | BO70: 1 | BP70: 1 | BQ70: 1 | BR70: 1 | BS70: 1 | BT70: 1 | BU70: 1 | BV70: 1 | BW70: 1 | BX70: 1 | BY70: 1 | BZ70: 1 | CK70: 1 | CL70: 1 | CM70: 1 | CN70: 1 | CO70: 1 | CP70: 1 | CQ70: 1 | CR70: 1 | CS70: 1 | CT70: 1 | CU70: 1 | CV70: 1 | CW70: 1 | CX70: 1 | CY70: 1 | CZ70: 1 | DA70: 1 | DB70: 1 | DC70: 1 | DD70: 1 | DE70: 1 | DF70: 1 | DG70: 1 | DH70: 1 | DI70: 1 | DJ70: 1 | DK70: 1 | DL70: 1 | DM70: 1 | DN70: 1 | DO70: 1 | DP70: 1 | DQ70: 1 | DR70: 1 | DS70: 1 | DT70: 1 | DU70: 1 | DV70: 1 | DW70: 1 | DX70: 1 | DY70: 1 | DZ70: 1 | EA70: 1 | EB70: 1 | EC70: 1 | ED70: 1 | EE70: 1 | EF70: 1 | EG70: 1 | EH70: 1 | EI70: 1 | EJ70: 1 | EK70: 1 | EL70: 1 | EM70: 1 | EN70: 1 | EO70: 1 | EP70: 1 | EQ70: 1 | ER70: 1 | ES70: =SUM(I71:R71) -> 10 | ET70: =SUM(S70:AB70) -> 10 | EU70: =SUM(AC70:AL70) -> 8 | EV70: =SUM(AM70:AV70) -> 10 | EW70: =SUM(BG70:BP70) -> 10 | EX70: =SUM(BG70:BP70) -> 10 | EY70: =SUM(BQ70:BZ70) -> 10 | EZ70: =SUM(CA70:CJ70) -> 0 | FA70: =SUM(CK70:CT70) -> 10 | FB70: =SUM(CU70:DD70) -> 10 | FC70: =SUM(DE70:DN70) -> 10 | FD70: =SUM(DO70:DX70) -> 10 | FE70: =SUM(DY70:EH70) -> 10 | FF70: =SUM(EI70:ER70) -> 10 | FG70: =ROW(FG68) -> 68 | FH70: =SUM(ES70:FF70) -> 128 | FI70: =SUM(I7:ER7)-SUM(ES70:FF70) -> 0 | FJ70: =SUM(FH70:FI70) -> 128
B71: =IF(ISTEXT(D71),1,0) -> 1 | C71: =ROW(D12) -> 12 | D71: GERMAN PRECIOUS | G71: 45915 | I71: 1 | J71: 1 | K71: 1 | L71: 1 | M71: 1 | N71: 1 | O71: 1 | P71: 1 | Q71: 1 | R71: 1 | S71: 1 | T71: 1 | U71: 1 | V71: 1 | W71: 1 | X71: 1 | Y71: 1 | Z71: 1 | AA71: 1 | AB71: 1 | AC71: 1 | AD71: 1 | AE71: 1 | AF71: 1 | AI71: 1 | AJ71: 1 | AK71: 1 | AL71: 1 | AM71: 0 | AN71: 0 | AO71: 1 | AP71: 1 | AQ71: 1 | AR71: 1 | AS71: 1 | AT71: 1 | AU71: 1 | AV71: 1 | AW71: 1 | AX71: 1 | AY71: 1 | AZ71: 1 | BA71: 1 | BB71: 1 | BC71: 1 | BD71: 1 | BE71: 1 | BF71: 1 | BG71: 1 | BH71: 1 | BI71: 1 | BJ71: 1 | BK71: 1 | BL71: 1 | BM71: 1 | BN71: 1 | BO71: 1 | BP71: 1 | BQ71: 1 | BR71: 1 | BS71: 1 | BT71: 1 | BU71: 0 | BV71: 0 | BW71: 1 | BX71: 1 | BY71: 1 | BZ71: 1 | CK71: 1 | CL71: 1 | CM71: 1 | CN71: 1 | CO71: 1 | CP71: 1 | CQ71: 1 | CR71: 1 | CS71: 1 | CT71: 1 | CU71: 1 | CV71: 1 | CW71: 1 | CX71: 1 | CY71: 1 | CZ71: 1 | DA71: 1 | DB71: 1 | DC71: 1 | DD71: 1 | DE71: 1 | DF71: 1 | DG71: 1 | DH71: 1 | DI71: 1 | DJ71: 1 | DK71: 1 | DL71: 1 | DM71: 1 | DN71: 1 | DO71: 1 | DP71: 1 | DQ71: 1 | DR71: 1 | DS71: 1 | DT71: 1 | DU71: 1 | DV71: 1 | DW71: 1 | DX71: 1 | DY71: 1 | DZ71: 1 | EA71: 1 | EB71: 1 | EC71: 1 | ED71: 1 | EE71: 1 | EF71: 1 | EG71: 1 | EH71: 1 | EI71: 1 | EJ71: 1 | EK71: 1 | EL71: 1 | EM71: 1 | EN71: 1 | EO71: 1 | EP71: 1 | EQ71: 1 | ER71: 1 | ES71: =SUM(I72:R72) -> 8 | ET71: =SUM(S71:AB71) -> 10 | EU71: =SUM(AC71:AL71) -> 8 | EV71: =SUM(AM71:AV71) -> 8 | EW71: =SUM(BG71:BP71) -> 10 | EX71: =SUM(BG71:BP71) -> 10 | EY71: =SUM(BQ71:BZ71) -> 8 | EZ71: =SUM(CA71:CJ71) -> 0 | FA71: =SUM(CK71:CT71) -> 10 | FB71: =SUM(CU71:DD71) -> 10 | FC71: =SUM(DE71:DN71) -> 10 | FD71: =SUM(DO71:DX71) -> 10 | FE71: =SUM(DY71:EH71) -> 10 | FF71: =SUM(EI71:ER71) -> 10 | FG71: =ROW(FG69) -> 69 | FH71: =SUM(ES71:FF71) -> 122 | FI71: =SUM(I7:ER7)-SUM(ES71:FF71) -> 6 | FJ71: =SUM(FH71:FI71) -> 128
B72: =IF(ISTEXT(D72),1,0) -> 1 | C72: =ROW(D13) -> 13 | D72: ILO FAVOUR | G72: 45915 | I72: 0 | J72: 0 | K72: 1 | L72: 1 | M72: 1 | N72: 1 | O72: 1 | P72: 1 | Q72: 1 | R72: 1 | S72: 1 | T72: 1 | U72: 1 | V72: 1 | W72: 1 | X72: 1 | Y72: 1 | Z72: 1 | AA72: 1 | AB72: 1 | AC72: 1 | AD72: 1 | AE72: 1 | AF72: 1 | AI72: 1 | AJ72: 1 | AK72: 1 | AL72: 1 | AM72: 1 | AN72: 1 | AO72: 1 | AP72: 1 | AQ72: 1 | AR72: 1 | AS72: 1 | AT72: 1 | AU72: 1 | AV72: 1 | AW72: 1 | AX72: 1 | AY72: 1 | AZ72: 1 | BA72: 1 | BB72: 1 | BC72: 1 | BD72: 1 | BE72: 1 | BF72: 1 | BG72: 1 | BH72: 1 | BI72: 1 | BJ72: 1 | BK72: 1 | BL72: 1 | BM72: 1 | BN72: 1 | BO72: 1 | BP72: 1 | BQ72: 1 | BR72: 1 | BS72: 1 | BT72: 1 | BU72: 1 | BV72: 1 | BW72: 1 | BX72: 1 | BY72: 1 | BZ72: 1 | CK72: 1 | CL72: 1 | CM72: 1 | CN72: 1 | CO72: 1 | CP72: 1 | CQ72: 1 | CR72: 1 | CS72: 1 | CT72: 1 | CU72: 1 | CV72: 1 | CW72: 1 | CX72: 1 | CY72: 1 | CZ72: 1 | DA72: 1 | DB72: 1 | DC72: 1 | DD72: 1 | DE72: 1 | DF72: 1 | DG72: 1 | DH72: 1 | DI72: 1 | DJ72: 1 | DK72: 1 | DL72: 1 | DM72: 1 | DN72: 1 | DO72: 1 | DP72: 1 | DQ72: 1 | DR72: 1 | DS72: 1 | DT72: 1 | DU72: 1 | DV72: 1 | DW72: 1 | DX72: 1 | DY72: 1 | DZ72: 1 | EA72: 1 | EB72: 1 | EC72: 1 | ED72: 1 | EE72: 1 | EF72: 1 | EG72: 1 | EH72: 1 | EI72: 1 | EJ72: 1 | EK72: 1 | EL72: 1 | EM72: 1 | EN72: 1 | EO72: 1 | EP72: 1 | EQ72: 1 | ER72: 1 | ES72: =SUM(I73:R73) -> 8 | ET72: =SUM(S72:AB72) -> 10 | EU72: =SUM(AC72:AL72) -> 8 | EV72: =SUM(AM72:AV72) -> 10 | EW72: =SUM(BG72:BP72) -> 10 | EX72: =SUM(BG72:BP72) -> 10 | EY72: =SUM(BQ72:BZ72) -> 10 | EZ72: =SUM(CA72:CJ72) -> 0 | FA72: =SUM(CK72:CT72) -> 10 | FB72: =SUM(CU72:DD72) -> 10 | FC72: =SUM(DE72:DN72) -> 10 | FD72: =SUM(DO72:DX72) -> 10 | FE72: =SUM(DY72:EH72) -> 10 | FF72: =SUM(EI72:ER72) -> 10 | FG72: =ROW(FG70) -> 70 | FH72: =SUM(ES72:FF72) -> 126 | FI72: =SUM(I7:ER7)-SUM(ES72:FF72) -> 2 | FJ72: =SUM(FH72:FI72) -> 128
B73: =IF(ISTEXT(D73),1,0) -> 1 | C73: =ROW(D14) -> 14 | D73: JAYEOLA SHEWA | G73: 45915 | I73: 0 | J73: 0 | K73: 1 | L73: 1 | M73: 1 | N73: 1 | O73: 1 | P73: 1 | Q73: 1 | R73: 1 | S73: 1 | T73: 1 | U73: 1 | V73: 1 | W73: 1 | X73: 1 | Y73: 1 | Z73: 1 | AA73: 1 | AB73: 1 | AC73: 1 | AD73: 1 | AE73: 1 | AF73: 1 | AI73: 1 | AJ73: 1 | AK73: 1 | AL73: 1 | AM73: 1 | AN73: 1 | AO73: 1 | AP73: 1 | AQ73: 1 | AR73: 1 | AS73: 1 | AT73: 1 | AU73: 1 | AV73: 1 | AW73: 0 | AX73: 0 | AY73: 1 | AZ73: 1 | BA73: 1 | BB73: 1 | BC73: 1 | BD73: 1 | BE73: 1 | BF73: 1 | BG73: 1 | BH73: 1 | BI73: 1 | BJ73: 1 | BK73: 1 | BL73: 1 | BM73: 1 | BN73: 1 | BO73: 1 | BP73: 1 | BQ73: 1 | BR73: 1 | BS73: 1 | BT73: 1 | BU73: 1 | BV73: 1 | BW73: 1 | BX73: 1 | BY73: 1 | BZ73: 1 | CK73: 1 | CL73: 1 | CM73: 1 | CN73: 1 | CO73: 1 | CP73: 1 | CQ73: 1 | CR73: 1 | CS73: 1 | CT73: 1 | CU73: 1 | CV73: 1 | CW73: 1 | CX73: 1 | CY73: 1 | CZ73: 1 | DA73: 1 | DB73: 1 | DC73: 1 | DD73: 1 | DE73: 1 | DF73: 1 | DG73: 1 | DH73: 1 | DI73: 1 | DJ73: 1 | DK73: 1 | DL73: 1 | DM73: 1 | DN73: 1 | DO73: 1 | DP73: 1 | DQ73: 1 | DR73: 1 | DS73: 1 | DT73: 1 | DU73: 1 | DV73: 1 | DW73: 1 | DX73: 1 | DY73: 1 | DZ73: 1 | EA73: 1 | EB73: 1 | EC73: 1 | ED73: 1 | EE73: 1 | EF73: 1 | EG73: 1 | EH73: 1 | EI73: 1 | EJ73: 1 | EK73: 1 | EL73: 1 | EM73: 1 | EN73: 1 | EO73: 1 | EP73: 1 | EQ73: 1 | ER73: 1 | ES73: =SUM(I74:R74) -> 10 | ET73: =SUM(S73:AB73) -> 10 | EU73: =SUM(AC73:AL73) -> 8 | EV73: =SUM(AM73:AV73) -> 10 | EW73: =SUM(BG73:BP73) -> 10 | EX73: =SUM(BG73:BP73) -> 10 | EY73: =SUM(BQ73:BZ73) -> 10 | EZ73: =SUM(CA73:CJ73) -> 0 | FA73: =SUM(CK73:CT73) -> 10 | FB73: =SUM(CU73:DD73) -> 10 | FC73: =SUM(DE73:DN73) -> 10 | FD73: =SUM(DO73:DX73) -> 10 | FE73: =SUM(DY73:EH73) -> 10 | FF73: =SUM(EI73:ER73) -> 10 | FG73: =ROW(FG71) -> 71 | FH73: =SUM(ES73:FF73) -> 128 | FI73: =SUM(I7:ER7)-SUM(ES73:FF73) -> 0 | FJ73: =SUM(FH73:FI73) -> 128
B74: =IF(ISTEXT(D74),1,0) -> 1 | C74: =ROW(D15) -> 15 | D74: LAMIDI BARAKAT | G74: 45915 | I74: 1 | J74: 1 | K74: 1 | L74: 1 | M74: 1 | N74: 1 | O74: 1 | P74: 1 | Q74: 1 | R74: 1 | S74: 1 | T74: 1 | U74: 1 | V74: 1 | W74: 1 | X74: 1 | Y74: 1 | Z74: 1 | AA74: 1 | AB74: 1 | AC74: 1 | AD74: 1 | AE74: 1 | AF74: 1 | AI74: 1 | AJ74: 1 | AK74: 1 | AL74: 1 | AM74: 1 | AN74: 1 | AO74: 1 | AP74: 1 | AQ74: 1 | AR74: 1 | AS74: 1 | AT74: 1 | AU74: 1 | AV74: 1 | AW74: 1 | AX74: 1 | AY74: 1 | AZ74: 1 | BA74: 1 | BB74: 1 | BC74: 1 | BD74: 1 | BE74: 1 | BF74: 1 | BG74: 1 | BH74: 1 | BI74: 1 | BJ74: 1 | BK74: 1 | BL74: 1 | BM74: 1 | BN74: 1 | BO74: 1 | BP74: 1 | BQ74: 1 | BR74: 1 | BS74: 1 | BT74: 1 | BU74: 1 | BV74: 1 | BW74: 1 | BX74: 1 | BY74: 1 | BZ74: 1 | CK74: 1 | CL74: 1 | CM74: 1 | CN74: 1 | CO74: 1 | CP74: 1 | CQ74: 1 | CR74: 1 | CS74: 1 | CT74: 1 | CU74: 1 | CV74: 1 | CW74: 1 | CX74: 1 | CY74: 1 | CZ74: 1 | DA74: 1 | DB74: 1 | DC74: 1 | DD74: 1 | DE74: 1 | DF74: 1 | DG74: 1 | DH74: 1 | DI74: 1 | DJ74: 1 | DK74: 1 | DL74: 1 | DM74: 1 | DN74: 1 | DO74: 1 | DP74: 1 | DQ74: 1 | DR74: 1 | DS74: 1 | DT74: 1 | DU74: 1 | DV74: 1 | DW74: 1 | DX74: 1 | DY74: 1 | DZ74: 1 | EA74: 1 | EB74: 1 | EC74: 1 | ED74: 1 | EE74: 1 | EF74: 1 | EG74: 1 | EH74: 1 | EI74: 1 | EJ74: 1 | EK74: 1 | EL74: 1 | EM74: 1 | EN74: 1 | EO74: 1 | EP74: 1 | EQ74: 1 | ER74: 1 | ES74: =SUM(I75:R75) -> 10 | ET74: =SUM(S74:AB74) -> 10 | EU74: =SUM(AC74:AL74) -> 8 | EV74: =SUM(AM74:AV74) -> 10 | EW74: =SUM(BG74:BP74) -> 10 | EX74: =SUM(BG74:BP74) -> 10 | EY74: =SUM(BQ74:BZ74) -> 10 | EZ74: =SUM(CA74:CJ74) -> 0 | FA74: =SUM(CK74:CT74) -> 10 | FB74: =SUM(CU74:DD74) -> 10 | FC74: =SUM(DE74:DN74) -> 10 | FD74: =SUM(DO74:DX74) -> 10 | FE74: =SUM(DY74:EH74) -> 10 | FF74: =SUM(EI74:ER74) -> 10 | FG74: =ROW(FG72) -> 72 | FH74: =SUM(ES74:FF74) -> 128 | FI74: =SUM(I7:ER7)-SUM(ES74:FF74) -> 0 | FJ74: =SUM(FH74:FI74) -> 128
B75: =IF(ISTEXT(D75),1,0) -> 1 | C75: =ROW(D16) -> 16 | D75: MICAH MERCY | G75: 45915 | I75: 1 | J75: 1 | K75: 1 | L75: 1 | M75: 1 | N75: 1 | O75: 1 | P75: 1 | Q75: 1 | R75: 1 | S75: 1 | T75: 1 | U75: 1 | V75: 1 | W75: 1 | X75: 1 | Y75: 1 | Z75: 1 | AA75: 1 | AB75: 1 | AC75: 1 | AD75: 1 | AE75: 1 | AF75: 1 | AI75: 1 | AJ75: 1 | AK75: 1 | AL75: 1 | AM75: 1 | AN75: 1 | AO75: 1 | AP75: 1 | AQ75: 1 | AR75: 1 | AS75: 1 | AT75: 1 | AU75: 1 | AV75: 1 | AW75: 1 | AX75: 1 | AY75: 1 | AZ75: 1 | BA75: 1 | BB75: 1 | BC75: 1 | BD75: 1 | BE75: 1 | BF75: 1 | BG75: 1 | BH75: 1 | BI75: 1 | BJ75: 1 | BK75: 1 | BL75: 1 | BM75: 1 | BN75: 1 | BO75: 1 | BP75: 1 | BQ75: 1 | BR75: 1 | BS75: 1 | BT75: 1 | BU75: 1 | BV75: 1 | BW75: 1 | BX75: 1 | BY75: 1 | BZ75: 1 | CK75: 1 | CL75: 1 | CM75: 1 | CN75: 1 | CO75: 1 | CP75: 1 | CQ75: 1 | CR75: 1 | CS75: 1 | CT75: 1 | CU75: 1 | CV75: 1 | CW75: 1 | CX75: 1 | CY75: 1 | CZ75: 1 | DA75: 1 | DB75: 1 | DC75: 1 | DD75: 1 | DE75: 1 | DF75: 1 | DG75: 1 | DH75: 1 | DI75: 1 | DJ75: 1 | DK75: 1 | DL75: 1 | DM75: 1 | DN75: 1 | DO75: 1 | DP75: 1 | DQ75: 1 | DR75: 1 | DS75: 1 | DT75: 1 | DU75: 1 | DV75: 1 | DW75: 1 | DX75: 1 | DY75: 1 | DZ75: 1 | EA75: 1 | EB75: 1 | EC75: 1 | ED75: 1 | EE75: 1 | EF75: 1 | EG75: 1 | EH75: 1 | EI75: 1 | EJ75: 1 | EK75: 1 | EL75: 1 | EM75: 1 | EN75: 1 | EO75: 1 | EP75: 1 | EQ75: 1 | ER75: 1 | ES75: =SUM(I76:R76) -> 10 | ET75: =SUM(S75:AB75) -> 10 | EU75: =SUM(AC75:AL75) -> 8 | EV75: =SUM(AM75:AV75) -> 10 | EW75: =SUM(BG75:BP75) -> 10 | EX75: =SUM(BG75:BP75) -> 10 | EY75: =SUM(BQ75:BZ75) -> 10 | EZ75: =SUM(CA75:CJ75) -> 0 | FA75: =SUM(CK75:CT75) -> 10 | FB75: =SUM(CU75:DD75) -> 10 | FC75: =SUM(DE75:DN75) -> 10 | FD75: =SUM(DO75:DX75) -> 10 | FE75: =SUM(DY75:EH75) -> 10 | FF75: =SUM(EI75:ER75) -> 10 | FG75: =ROW(FG73) -> 73 | FH75: =SUM(ES75:FF75) -> 128 | FI75: =SUM(I7:ER7)-SUM(ES75:FF75) -> 0 | FJ75: =SUM(FH75:FI75) -> 128
B76: =IF(ISTEXT(D76),1,0) -> 1 | C76: =ROW(D17) -> 17 | D76: MUSA ALIMAT | G76: 45915 | I76: 1 | J76: 1 | K76: 1 | L76: 1 | M76: 1 | N76: 1 | O76: 1 | P76: 1 | Q76: 1 | R76: 1 | S76: 1 | T76: 1 | U76: 1 | V76: 1 | W76: 1 | X76: 1 | Y76: 1 | Z76: 1 | AA76: 1 | AB76: 1 | AC76: 1 | AD76: 1 | AE76: 1 | AF76: 1 | AI76: 1 | AJ76: 1 | AK76: 1 | AL76: 1 | AM76: 1 | AN76: 1 | AO76: 1 | AP76: 1 | AQ76: 1 | AR76: 1 | AS76: 1 | AT76: 1 | AU76: 1 | AV76: 1 | AW76: 1 | AX76: 1 | AY76: 1 | AZ76: 1 | BA76: 1 | BB76: 1 | BC76: 1 | BD76: 1 | BE76: 1 | BF76: 1 | BG76: 1 | BH76: 1 | BI76: 1 | BJ76: 1 | BK76: 1 | BL76: 1 | BM76: 1 | BN76: 1 | BO76: 1 | BP76: 1 | BQ76: 1 | BR76: 1 | BS76: 1 | BT76: 1 | BU76: 1 | BV76: 1 | BW76: 1 | BX76: 1 | BY76: 1 | BZ76: 1 | CK76: 1 | CL76: 1 | CM76: 1 | CN76: 1 | CO76: 1 | CP76: 1 | CQ76: 1 | CR76: 1 | CS76: 1 | CT76: 1 | CU76: 1 | CV76: 1 | CW76: 1 | CX76: 1 | CY76: 1 | CZ76: 1 | DA76: 1 | DB76: 1 | DC76: 1 | DD76: 1 | DE76: 1 | DF76: 1 | DG76: 1 | DH76: 1 | DI76: 1 | DJ76: 1 | DK76: 1 | DL76: 1 | DM76: 1 | DN76: 1 | DO76: 1 | DP76: 1 | DQ76: 1 | DR76: 1 | DS76: 1 | DT76: 1 | DU76: 1 | DV76: 1 | DW76: 1 | DX76: 1 | DY76: 1 | DZ76: 1 | EA76: 1 | EB76: 1 | EC76: 1 | ED76: 1 | EE76: 1 | EF76: 1 | EG76: 1 | EH76: 1 | EI76: 1 | EJ76: 1 | EK76: 1 | EL76: 1 | EM76: 1 | EN76: 1 | EO76: 1 | EP76: 1 | EQ76: 1 | ER76: 1 | ES76: =SUM(I77:R77) -> 0 | ET76: =SUM(S76:AB76) -> 10 | EU76: =SUM(AC76:AL76) -> 8 | EV76: =SUM(AM76:AV76) -> 10 | EW76: =SUM(BG76:BP76) -> 10 | EX76: =SUM(BG76:BP76) -> 10 | EY76: =SUM(BQ76:BZ76) -> 10 | EZ76: =SUM(CA76:CJ76) -> 0 | FA76: =SUM(CK76:CT76) -> 10 | FB76: =SUM(CU76:DD76) -> 10 | FC76: =SUM(DE76:DN76) -> 10 | FD76: =SUM(DO76:DX76) -> 10 | FE76: =SUM(DY76:EH76) -> 10 | FF76: =SUM(EI76:ER76) -> 10 | FG76: =ROW(FG74) -> 74 | FH76: =SUM(ES76:FF76) -> 118 | FI76: =SUM(I7:ER7)-SUM(ES76:FF76) -> 10 | FJ76: =SUM(FH76:FI76) -> 128
B77: =IF(ISTEXT(D77),1,0) -> 1 | C77: 18 | D77: MUSA ZUBAIDA | G77: 45915 | I77: 0 | J77: 0 | K77: 0 | L77: 0 | M77: 0 | N77: 0 | O77: 0 | P77: 0 | Q77: 0 | R77: 0 | S77: 1 | T77: 1 | U77: 1 | V77: 1 | W77: 1 | X77: 1 | Y77: 1 | Z77: 1 | AA77: 1 | AB77: 1 | AC77: 1 | AD77: 1 | AE77: 1 | AF77: 1 | AI77: 1 | AJ77: 1 | AK77: 1 | AL77: 1 | AM77: 1 | AN77: 1 | AO77: 1 | AP77: 1 | AQ77: 1 | AR77: 1 | AS77: 1 | AT77: 1 | AU77: 1 | AV77: 1 | AW77: 0 | AX77: 0 | AY77: 0 | AZ77: 0 | BA77: 0 | BB77: 0 | BC77: 0 | BD77: 0 | BE77: 0 | BF77: 0 | BG77: 1 | BH77: 1 | BI77: 0 | BJ77: 0 | BK77: 0 | BL77: 0 | BM77: 0 | BN77: 0 | BO77: 1 | BP77: 1 | BQ77: 1 | BR77: 1 | BS77: 1 | BT77: 1 | BU77: 1 | BV77: 1 | BW77: 1 | BX77: 1 | BY77: 1 | BZ77: 1 | CK77: 1 | CL77: 1 | CM77: 1 | CN77: 1 | CO77: 1 | CP77: 1 | CQ77: 1 | CR77: 1 | CS77: 1 | CT77: 1 | CU77: 0 | CV77: 0 | CW77: 1 | CX77: 1 | CY77: 1 | CZ77: 1 | DA77: 0 | DB77: 0 | DC77: 1 | DD77: 1 | DE77: 1 | DF77: 1 | DG77: 1 | DH77: 1 | DI77: 1 | DJ77: 1 | DK77: 1 | DL77: 1 | DM77: 1 | DN77: 1 | DO77: 1 | DP77: 1 | DQ77: 1 | DR77: 1 | DS77: 1 | DT77: 1 | DU77: 1 | DV77: 1 | DW77: 1 | DX77: 1 | DY77: 1 | DZ77: 1 | EA77: 1 | EB77: 1 | EC77: 1 | ED77: 1 | EE77: 1 | EF77: 1 | EG77: 1 | EH77: 1 | EI77: 1 | EJ77: 1 | EK77: 1 | EL77: 1 | EM77: 1 | EN77: 1 | EO77: 1 | EP77: 1 | EQ77: 1 | ER77: 1 | ES77: =SUM(I78:R78) -> 10 | ET77: =SUM(S77:AB77) -> 10 | EU77: =SUM(AC77:AL77) -> 8 | EV77: =SUM(AM77:AV77) -> 10 | EW77: =SUM(BG77:BP77) -> 4 | EX77: =SUM(BG77:BP77) -> 4 | EY77: =SUM(BQ77:BZ77) -> 10 | EZ77: =SUM(CA77:CJ77) -> 0 | FA77: =SUM(CK77:CT77) -> 10 | FB77: =SUM(CU77:DD77) -> 6 | FC77: =SUM(DE77:DN77) -> 10 | FD77: =SUM(DO77:DX77) -> 10 | FE77: =SUM(DY77:EH77) -> 10 | FF77: =SUM(EI77:ER77) -> 10 | FG77: =ROW(FG75) -> 75 | FH77: =SUM(ES77:FF77) -> 112 | FI77: =SUM(I7:ER7)-SUM(ES77:FF77) -> 16 | FJ77: =SUM(FH77:FI77) -> 128
B78: =IF(ISTEXT(D78),1,0) -> 1 | C78: 19 | D78: OLAORE RACHEAL | G78: 45915 | I78: 1 | J78: 1 | K78: 1 | L78: 1 | M78: 1 | N78: 1 | O78: 1 | P78: 1 | Q78: 1 | R78: 1 | S78: 1 | T78: 1 | U78: 1 | V78: 1 | W78: 1 | X78: 1 | Y78: 1 | Z78: 1 | AA78: 1 | AB78: 1 | AC78: 1 | AD78: 1 | AE78: 1 | AF78: 1 | AI78: 1 | AJ78: 1 | AK78: 1 | AL78: 1 | AM78: 1 | AN78: 1 | AO78: 1 | AP78: 1 | AQ78: 1 | AR78: 1 | AS78: 1 | AT78: 1 | AU78: 1 | AV78: 1 | AW78: 1 | AX78: 1 | AY78: 1 | AZ78: 1 | BA78: 1 | BB78: 1 | BC78: 1 | BD78: 1 | BE78: 1 | BF78: 1 | BG78: 1 | BH78: 1 | BI78: 1 | BJ78: 1 | BK78: 1 | BL78: 1 | BM78: 1 | BN78: 1 | BO78: 1 | BP78: 1 | BQ78: 1 | BR78: 1 | BS78: 1 | BT78: 1 | BU78: 1 | BV78: 1 | BW78: 1 | BX78: 1 | BY78: 1 | BZ78: 1 | CK78: 1 | CL78: 1 | CM78: 1 | CN78: 1 | CO78: 1 | CP78: 1 | CQ78: 1 | CR78: 1 | CS78: 1 | CT78: 1 | CU78: 1 | CV78: 1 | CW78: 1 | CX78: 1 | CY78: 1 | CZ78: 1 | DA78: 1 | DB78: 1 | DC78: 1 | DD78: 1 | DE78: 1 | DF78: 1 | DG78: 1 | DH78: 1 | DI78: 1 | DJ78: 1 | DK78: 1 | DL78: 1 | DM78: 1 | DN78: 1 | DO78: 1 | DP78: 1 | DQ78: 1 | DR78: 1 | DS78: 1 | DT78: 1 | DU78: 1 | DV78: 1 | DW78: 1 | DX78: 1 | DY78: 1 | DZ78: 1 | EA78: 1 | EB78: 1 | EC78: 1 | ED78: 1 | EE78: 1 | EF78: 1 | EG78: 1 | EH78: 1 | EI78: 1 | EJ78: 1 | EK78: 1 | EL78: 1 | EM78: 1 | EN78: 1 | EO78: 1 | EP78: 1 | EQ78: 1 | ER78: 1 | ES78: =SUM(I79:R79) -> 0 | ET78: =SUM(S78:AB78) -> 10 | EU78: =SUM(AC78:AL78) -> 8 | EV78: =SUM(AM78:AV78) -> 10 | EW78: =SUM(BG78:BP78) -> 10 | EX78: =SUM(BG78:BP78) -> 10 | EY78: =SUM(BQ78:BZ78) -> 10 | EZ78: =SUM(CA78:CJ78) -> 0 | FA78: =SUM(CK78:CT78) -> 10 | FB78: =SUM(CU78:DD78) -> 10 | FC78: =SUM(DE78:DN78) -> 10 | FD78: =SUM(DO78:DX78) -> 10 | FE78: =SUM(DY78:EH78) -> 10 | FF78: =SUM(EI78:ER78) -> 10 | FG78: =ROW(FG76) -> 76 | FH78: =SUM(ES78:FF78) -> 118 | FI78: =SUM(I7:ER7)-SUM(ES78:FF78) -> 10 | FJ78: =SUM(FH78:FI78) -> 128
B79: =IF(ISTEXT(D79),1,0) -> 1 | C79: 20 | D79: OLAREWAJU ELIZABETH | G79: 45915 | I79: 0 | J79: 0 | K79: 0 | L79: 0 | M79: 0 | N79: 0 | O79: 0 | P79: 0 | Q79: 0 | R79: 0 | S79: 0 | T79: 0 | U79: 1 | V79: 1 | W79: 1 | X79: 1 | Y79: 1 | Z79: 1 | AA79: 1 | AB79: 1 | AC79: 1 | AD79: 1 | AE79: 1 | AF79: 1 | AI79: 1 | AJ79: 1 | AK79: 1 | AL79: 1 | AM79: 1 | AN79: 1 | AO79: 1 | AP79: 1 | AQ79: 1 | AR79: 1 | AS79: 1 | AT79: 1 | AU79: 1 | AV79: 1 | AW79: 1 | AX79: 1 | AY79: 1 | AZ79: 1 | BA79: 1 | BB79: 1 | BC79: 1 | BD79: 1 | BE79: 1 | BF79: 1 | BG79: 1 | BH79: 1 | BI79: 1 | BJ79: 1 | BK79: 1 | BL79: 1 | BM79: 1 | BN79: 1 | BO79: 1 | BP79: 1 | BQ79: 1 | BR79: 1 | BS79: 1 | BT79: 1 | BU79: 1 | BV79: 1 | BW79: 1 | BX79: 1 | BY79: 1 | BZ79: 1 | CK79: 1 | CL79: 1 | CM79: 1 | CN79: 1 | CO79: 1 | CP79: 1 | CQ79: 1 | CR79: 1 | CS79: 1 | CT79: 1 | CU79: 1 | CV79: 1 | CW79: 1 | CX79: 1 | CY79: 1 | CZ79: 1 | DA79: 1 | DB79: 1 | DC79: 1 | DD79: 1 | DE79: 1 | DF79: 1 | DG79: 1 | DH79: 1 | DI79: 1 | DJ79: 1 | DK79: 1 | DL79: 1 | DM79: 1 | DN79: 1 | DO79: 1 | DP79: 1 | DQ79: 1 | DR79: 1 | DS79: 1 | DT79: 1 | DU79: 1 | DV79: 1 | DW79: 1 | DX79: 1 | DY79: 1 | DZ79: 1 | EA79: 1 | EB79: 1 | EC79: 1 | ED79: 1 | EE79: 1 | EF79: 1 | EG79: 1 | EH79: 1 | EI79: 1 | EJ79: 1 | EK79: 1 | EL79: 1 | EM79: 1 | EN79: 1 | EO79: 1 | EP79: 1 | EQ79: 1 | ER79: 1 | ES79: =SUM(I80:R80) -> 10 | ET79: =SUM(S79:AB79) -> 8 | EU79: =SUM(AC79:AL79) -> 8 | EV79: =SUM(AM79:AV79) -> 10 | EW79: =SUM(BG79:BP79) -> 10 | EX79: =SUM(BG79:BP79) -> 10 | EY79: =SUM(BQ79:BZ79) -> 10 | EZ79: =SUM(CA79:CJ79) -> 0 | FA79: =SUM(CK79:CT79) -> 10 | FB79: =SUM(CU79:DD79) -> 10 | FC79: =SUM(DE79:DN79) -> 10 | FD79: =SUM(DO79:DX79) -> 10 | FE79: =SUM(DY79:EH79) -> 10 | FF79: =SUM(EI79:ER79) -> 10 | FG79: =ROW(FG77) -> 77 | FH79: =SUM(ES79:FF79) -> 126 | FI79: =SUM(I7:ER7)-SUM(ES79:FF79) -> 2 | FJ79: =SUM(FH79:FI79) -> 128
B80: =IF(ISTEXT(D80),1,0) -> 1 | C80: 21 | D80: OLATOKUN EMMAUELLA | G80: 45915 | I80: 1 | J80: 1 | K80: 1 | L80: 1 | M80: 1 | N80: 1 | O80: 1 | P80: 1 | Q80: 1 | R80: 1 | S80: 1 | T80: 1 | U80: 1 | V80: 1 | W80: 1 | X80: 1 | Y80: 1 | Z80: 1 | AA80: 1 | AB80: 1 | AC80: 1 | AD80: 1 | AE80: 1 | AF80: 1 | AI80: 1 | AJ80: 1 | AK80: 1 | AL80: 1 | AM80: 1 | AN80: 1 | AO80: 1 | AP80: 1 | AQ80: 1 | AR80: 1 | AS80: 1 | AT80: 1 | AU80: 1 | AV80: 1 | AW80: 1 | AX80: 1 | AY80: 1 | AZ80: 1 | BA80: 1 | BB80: 1 | BC80: 1 | BD80: 1 | BE80: 1 | BF80: 1 | BG80: 1 | BH80: 1 | BI80: 1 | BJ80: 1 | BK80: 1 | BL80: 1 | BM80: 1 | BN80: 1 | BO80: 1 | BP80: 1 | BQ80: 1 | BR80: 1 | BS80: 1 | BT80: 1 | BU80: 1 | BV80: 1 | BW80: 1 | BX80: 1 | BY80: 1 | BZ80: 1 | CK80: 1 | CL80: 1 | CM80: 1 | CN80: 1 | CO80: 1 | CP80: 1 | CQ80: 1 | CR80: 1 | CS80: 1 | CT80: 1 | CU80: 1 | CV80: 1 | CW80: 1 | CX80: 1 | CY80: 1 | CZ80: 1 | DA80: 1 | DB80: 1 | DC80: 1 | DD80: 1 | DE80: 1 | DF80: 1 | DG80: 1 | DH80: 1 | DI80: 1 | DJ80: 1 | DK80: 1 | DL80: 1 | DM80: 1 | DN80: 1 | DO80: 1 | DP80: 1 | DQ80: 1 | DR80: 1 | DS80: 1 | DT80: 1 | DU80: 1 | DV80: 1 | DW80: 1 | DX80: 1 | DY80: 1 | DZ80: 1 | EA80: 1 | EB80: 1 | EC80: 1 | ED80: 1 | EE80: 1 | EF80: 1 | EG80: 1 | EH80: 1 | EI80: 1 | EJ80: 1 | EK80: 1 | EL80: 1 | EM80: 1 | EN80: 1 | EO80: 1 | EP80: 1 | EQ80: 1 | ER80: 1 | ES80: =SUM(I81:R81) -> 0 | ET80: =SUM(S80:AB80) -> 10 | EU80: =SUM(AC80:AL80) -> 8 | EV80: =SUM(AM80:AV80) -> 10 | EW80: =SUM(BG80:BP80) -> 10 | EX80: =SUM(BG80:BP80) -> 10 | EY80: =SUM(BQ80:BZ80) -> 10 | EZ80: =SUM(CA80:CJ80) -> 0 | FA80: =SUM(CK80:CT80) -> 10 | FB80: =SUM(CU80:DD80) -> 10 | FC80: =SUM(DE80:DN80) -> 10 | FD80: =SUM(DO80:DX80) -> 10 | FE80: =SUM(DY80:EH80) -> 10 | FF80: =SUM(EI80:ER80) -> 10 | FG80: =ROW(FG78) -> 78 | FH80: =SUM(ES80:FF80) -> 118 | FI80: =SUM(I7:ER7)-SUM(ES80:FF80) -> 10 | FJ80: =SUM(FH80:FI80) -> 128
B81: =IF(ISTEXT(D81),1,0) -> 1 | C81: 22 | D81: OLAOLUWA CHRISTIANA | G81: 45915 | I81: 0 | J81: 0 | K81: 0 | L81: 0 | M81: 0 | N81: 0 | O81: 0 | P81: 0 | Q81: 0 | R81: 0 | S81: 1 | T81: 1 | U81: 1 | V81: 1 | W81: 1 | X81: 1 | Y81: 1 | Z81: 1 | AA81: 1 | AB81: 1 | AC81: 1 | AD81: 1 | AE81: 1 | AF81: 1 | AI81: 1 | AJ81: 1 | AK81: 1 | AL81: 1 | AM81: 0 | AN81: 0 | AO81: 1 | AP81: 1 | AQ81: 1 | AR81: 1 | AS81: 1 | AT81: 1 | AU81: 1 | AV81: 1 | AW81: 1 | AX81: 1 | AY81: 1 | AZ81: 1 | BA81: 1 | BB81: 1 | BC81: 1 | BD81: 1 | BE81: 1 | BF81: 1 | BG81: 1 | BH81: 1 | BI81: 1 | BJ81: 1 | BK81: 1 | BL81: 1 | BM81: 1 | BN81: 1 | BO81: 1 | BP81: 1 | BQ81: 1 | BR81: 1 | BS81: 1 | BT81: 1 | BU81: 1 | BV81: 1 | BW81: 1 | BX81: 1 | BY81: 1 | BZ81: 1 | CK81: 1 | CL81: 1 | CM81: 1 | CN81: 1 | CO81: 1 | CP81: 1 | CQ81: 0 | CR81: 0 | CS81: 0 | CT81: 0 | CU81: 1 | CV81: 1 | CW81: 1 | CX81: 1 | CY81: 1 | CZ81: 1 | DA81: 1 | DB81: 1 | DC81: 1 | DD81: 1 | DE81: 1 | DF81: 1 | DG81: 1 | DH81: 1 | DI81: 1 | DJ81: 1 | DK81: 1 | DL81: 1 | DM81: 1 | DN81: 1 | DO81: 1 | DP81: 1 | DQ81: 1 | DR81: 1 | DS81: 1 | DT81: 1 | DU81: 1 | DV81: 1 | DW81: 1 | DX81: 1 | DY81: 1 | DZ81: 1 | EA81: 1 | EB81: 1 | EC81: 1 | ED81: 1 | EE81: 1 | EF81: 1 | EG81: 1 | EH81: 1 | EI81: 1 | EJ81: 1 | EK81: 1 | EL81: 1 | EM81: 1 | EN81: 1 | EO81: 1 | EP81: 1 | EQ81: 1 | ER81: 1 | ES81: =SUM(I82:R82) -> 10 | ET81: =SUM(S81:AB81) -> 10 | EU81: =SUM(AC81:AL81) -> 8 | EV81: =SUM(AM81:AV81) -> 8 | EW81: =SUM(BG81:BP81) -> 10 | EX81: =SUM(BG81:BP81) -> 10 | EY81: =SUM(BQ81:BZ81) -> 10 | EZ81: =SUM(CA81:CJ81) -> 0 | FA81: =SUM(CK81:CT81) -> 6 | FB81: =SUM(CU81:DD81) -> 10 | FC81: =SUM(DE81:DN81) -> 10 | FD81: =SUM(DO81:DX81) -> 10 | FE81: =SUM(DY81:EH81) -> 10 | FF81: =SUM(EI81:ER81) -> 10 | FG81: =ROW(FG79) -> 79 | FH81: =SUM(ES81:FF81) -> 122 | FI81: =SUM(I7:ER7)-SUM(ES81:FF81) -> 6 | FJ81: =SUM(FH81:FI81) -> 128
B82: =IF(ISTEXT(D82),1,0) -> 1 | C82: 23 | D82: OLATAYO GANIYAT | G82: 45915 | I82: 1 | J82: 1 | K82: 1 | L82: 1 | M82: 1 | N82: 1 | O82: 1 | P82: 1 | Q82: 1 | R82: 1 | S82: 1 | T82: 1 | U82: 1 | V82: 1 | W82: 0 | X82: 0 | Y82: 1 | Z82: 1 | AA82: 1 | AB82: 1 | AC82: 1 | AD82: 1 | AE82: 1 | AF82: 1 | AI82: 1 | AJ82: 1 | AK82: 1 | AL82: 1 | AM82: 1 | AN82: 1 | AO82: 1 | AP82: 1 | AQ82: 1 | AR82: 1 | AS82: 1 | AT82: 1 | AU82: 1 | AV82: 1 | AW82: 1 | AX82: 1 | AY82: 1 | AZ82: 1 | BA82: 1 | BB82: 1 | BC82: 1 | BD82: 1 | BE82: 1 | BF82: 1 | BG82: 1 | BH82: 1 | BI82: 1 | BJ82: 1 | BK82: 1 | BL82: 1 | BM82: 1 | BN82: 1 | BO82: 1 | BP82: 1 | BQ82: 1 | BR82: 1 | BS82: 1 | BT82: 1 | BU82: 1 | BV82: 1 | BW82: 1 | BX82: 1 | BY82: 1 | BZ82: 1 | CK82: 1 | CL82: 1 | CM82: 1 | CN82: 1 | CO82: 1 | CP82: 1 | CQ82: 1 | CR82: 1 | CS82: 1 | CT82: 1 | CU82: 1 | CV82: 1 | CW82: 1 | CX82: 1 | CY82: 1 | CZ82: 1 | DA82: 1 | DB82: 1 | DC82: 1 | DD82: 1 | DE82: 1 | DF82: 1 | DG82: 1 | DH82: 1 | DI82: 1 | DJ82: 1 | DK82: 1 | DL82: 1 | DM82: 1 | DN82: 1 | DO82: 1 | DP82: 1 | DQ82: 1 | DR82: 1 | DS82: 1 | DT82: 1 | DU82: 1 | DV82: 1 | DW82: 1 | DX82: 1 | DY82: 1 | DZ82: 1 | EA82: 1 | EB82: 1 | EC82: 1 | ED82: 1 | EE82: 1 | EF82: 1 | EG82: 1 | EH82: 1 | EI82: 1 | EJ82: 1 | EK82: 1 | EL82: 1 | EM82: 1 | EN82: 1 | EO82: 1 | EP82: 1 | EQ82: 1 | ER82: 1 | ES82: =SUM(I83:R83) -> 10 | ET82: =SUM(S82:AB82) -> 8 | EU82: =SUM(AC82:AL82) -> 8 | EV82: =SUM(AM82:AV82) -> 10 | EW82: =SUM(BG82:BP82) -> 10 | EX82: =SUM(BG82:BP82) -> 10 | EY82: =SUM(BQ82:BZ82) -> 10 | EZ82: =SUM(CA82:CJ82) -> 0 | FA82: =SUM(CK82:CT82) -> 10 | FB82: =SUM(CU82:DD82) -> 10 | FC82: =SUM(DE82:DN82) -> 10 | FD82: =SUM(DO82:DX82) -> 10 | FE82: =SUM(DY82:EH82) -> 10 | FF82: =SUM(EI82:ER82) -> 10 | FG82: =ROW(FG80) -> 80 | FH82: =SUM(ES82:FF82) -> 126 | FI82: =SUM(I7:ER7)-SUM(ES82:FF82) -> 2 | FJ82: =SUM(FH82:FI82) -> 128
B83: =IF(ISTEXT(D83),1,0) -> 1 | C83: 24 | D83: OMOTOSO JESUTONI | G83: 45915 | I83: 1 | J83: 1 | K83: 1 | L83: 1 | M83: 1 | N83: 1 | O83: 1 | P83: 1 | Q83: 1 | R83: 1 | S83: 1 | T83: 1 | U83: 1 | V83: 1 | W83: 1 | X83: 1 | Y83: 1 | Z83: 1 | AA83: 1 | AB83: 1 | AC83: 1 | AD83: 1 | AE83: 1 | AF83: 1 | AI83: 1 | AJ83: 1 | AK83: 1 | AL83: 1 | AM83: 0 | AN83: 0 | AO83: 1 | AP83: 1 | AQ83: 1 | AR83: 1 | AS83: 1 | AT83: 1 | AU83: 1 | AV83: 1 | AW83: 1 | AX83: 1 | AY83: 1 | AZ83: 1 | BA83: 1 | BB83: 1 | BC83: 1 | BD83: 1 | BE83: 1 | BF83: 1 | BG83: 1 | BH83: 1 | BI83: 1 | BJ83: 1 | BK83: 1 | BL83: 1 | BM83: 1 | BN83: 1 | BO83: 1 | BP83: 1 | BQ83: 1 | BR83: 1 | BS83: 1 | BT83: 1 | BU83: 1 | BV83: 1 | BW83: 1 | BX83: 1 | BY83: 1 | BZ83: 1 | CK83: 1 | CL83: 1 | CM83: 1 | CN83: 1 | CO83: 1 | CP83: 1 | CQ83: 1 | CR83: 1 | CS83: 1 | CT83: 1 | CU83: 1 | CV83: 1 | CW83: 1 | CX83: 1 | CY83: 1 | CZ83: 1 | DA83: 1 | DB83: 1 | DC83: 1 | DD83: 1 | DE83: 1 | DF83: 1 | DG83: 1 | DH83: 1 | DI83: 1 | DJ83: 1 | DK83: 1 | DL83: 1 | DM83: 1 | DN83: 1 | DO83: 1 | DP83: 1 | DQ83: 1 | DR83: 1 | DS83: 1 | DT83: 1 | DU83: 1 | DV83: 1 | DW83: 1 | DX83: 1 | DY83: 1 | DZ83: 1 | EA83: 1 | EB83: 1 | EC83: 1 | ED83: 1 | EE83: 1 | EF83: 1 | EG83: 1 | EH83: 1 | EI83: 1 | EJ83: 1 | EK83: 1 | EL83: 1 | EM83: 1 | EN83: 1 | EO83: 1 | EP83: 1 | EQ83: 1 | ER83: 1 | ES83: =SUM(I84:R84) -> 0 | ET83: =SUM(S83:AB83) -> 10 | EU83: =SUM(AC83:AL83) -> 8 | EV83: =SUM(AM83:AV83) -> 8 | EW83: =SUM(BG83:BP83) -> 10 | EX83: =SUM(BG83:BP83) -> 10 | EY83: =SUM(BQ83:BZ83) -> 10 | EZ83: =SUM(CA83:CJ83) -> 0 | FA83: =SUM(CK83:CT83) -> 10 | FB83: =SUM(CU83:DD83) -> 10 | FC83: =SUM(DE83:DN83) -> 10 | FD83: =SUM(DO83:DX83) -> 10 | FE83: =SUM(DY83:EH83) -> 10 | FF83: =SUM(EI83:ER83) -> 10 | FG83: =ROW(FG81) -> 81 | FH83: =SUM(ES83:FF83) -> 116 | FI83: =SUM(I7:ER7)-SUM(ES83:FF83) -> 12 | FJ83: =SUM(FH83:FI83) -> 128
B84: =IF(ISTEXT(D84),1,0) -> 1 | C84: 25 | D84: ODUNTAN OLAMIDE | G84: 45915 | I84: 0 | J84: 0 | K84: 0 | L84: 0 | M84: 0 | N84: 0 | O84: 0 | P84: 0 | Q84: 0 | R84: 0 | S84: 1 | T84: 1 | U84: 1 | V84: 1 | W84: 1 | X84: 1 | Y84: 1 | Z84: 1 | AA84: 1 | AB84: 1 | AC84: 1 | AD84: 1 | AE84: 1 | AF84: 1 | AI84: 1 | AJ84: 1 | AK84: 1 | AL84: 1 | AM84: 1 | AN84: 1 | AO84: 1 | AP84: 1 | AQ84: 1 | AR84: 1 | AS84: 1 | AT84: 1 | AU84: 1 | AV84: 1 | AW84: 1 | AX84: 1 | AY84: 1 | AZ84: 1 | BA84: 1 | BB84: 1 | BC84: 1 | BD84: 1 | BE84: 1 | BF84: 1 | BG84: 1 | BH84: 1 | BI84: 1 | BJ84: 1 | BK84: 1 | BL84: 1 | BM84: 1 | BN84: 1 | BO84: 1 | BP84: 1 | BQ84: 1 | BR84: 1 | BS84: 1 | BT84: 1 | BU84: 1 | BV84: 1 | BW84: 1 | BX84: 1 | BY84: 1 | BZ84: 1 | CK84: 1 | CL84: 1 | CM84: 1 | CN84: 1 | CO84: 1 | CP84: 1 | CQ84: 1 | CR84: 1 | CS84: 1 | CT84: 1 | CU84: 1 | CV84: 1 | CW84: 1 | CX84: 1 | CY84: 1 | CZ84: 1 | DA84: 1 | DB84: 1 | DC84: 1 | DD84: 1 | DE84: 1 | DF84: 1 | DG84: 1 | DH84: 1 | DI84: 1 | DJ84: 1 | DK84: 1 | DL84: 1 | DM84: 1 | DN84: 1 | DO84: 1 | DP84: 1 | DQ84: 1 | DR84: 1 | DS84: 1 | DT84: 1 | DU84: 1 | DV84: 1 | DW84: 1 | DX84: 1 | DY84: 1 | DZ84: 1 | EA84: 1 | EB84: 1 | EC84: 1 | ED84: 1 | EE84: 1 | EF84: 1 | EG84: 1 | EH84: 1 | EI84: 1 | EJ84: 1 | EK84: 1 | EL84: 1 | EM84: 1 | EN84: 1 | EO84: 1 | EP84: 1 | EQ84: 1 | ER84: 1 | ES84: =SUM(I85:R85) -> 0 | ET84: =SUM(S84:AB84) -> 10 | EU84: =SUM(AC84:AL84) -> 8 | EV84: =SUM(AM84:AV84) -> 10 | EW84: =SUM(BG84:BP84) -> 10 | EX84: =SUM(BG84:BP84) -> 10 | EY84: =SUM(BQ84:BZ84) -> 10 | EZ84: =SUM(CA84:CJ84) -> 0 | FA84: =SUM(CK84:CT84) -> 10 | FB84: =SUM(CU84:DD84) -> 10 | FC84: =SUM(DE84:DN84) -> 10 | FD84: =SUM(DO84:DX84) -> 10 | FE84: =SUM(DY84:EH84) -> 10 | FF84: =SUM(EI84:ER84) -> 10 | FG84: =ROW(FG82) -> 82 | FH84: =SUM(ES84:FF84) -> 118 | FI84: =SUM(I7:ER7)-SUM(ES84:FF84) -> 10 | FJ84: =SUM(FH84:FI84) -> 128
B85: =IF(ISTEXT(D85),1,0) -> 1 | C85: 26 | D85: OLUTOYE SUMISOLA | G85: 45915 | I85: 0 | J85: 0 | K85: 0 | L85: 0 | M85: 0 | N85: 0 | O85: 0 | P85: 0 | Q85: 0 | R85: 0 | S85: 0 | T85: 0 | U85: 0 | V85: 0 | W85: 0 | X85: 0 | Y85: 0 | Z85: 0 | AA85: 0 | AB85: 0 | AC85: 0 | AD85: 0 | AE85: 0 | AF85: 0 | AI85: 0 | AJ85: 0 | AK85: 0 | AL85: 0 | AM85: 0 | AN85: 0 | AO85: 1 | AP85: 1 | AQ85: 1 | AR85: 1 | AS85: 1 | AT85: 1 | AU85: 1 | AV85: 1 | AW85: 1 | AX85: 1 | AY85: 1 | AZ85: 1 | BA85: 0 | BB85: 0 | BC85: 0 | BD85: 0 | BE85: 0 | BF85: 0 | BG85: 0 | BH85: 0 | BI85: 0 | BJ85: 0 | BK85: 0 | BL85: 0 | BM85: 0 | BN85: 0 | BO85: 0 | BP85: 0 | BQ85: 0 | BR85: 0 | BS85: 0 | BT85: 0 | BU85: 0 | BV85: 0 | BW85: 0 | BX85: 0 | BY85: 0 | BZ85: 0 | CK85: 0 | CL85: 0 | CM85: 0 | CN85: 0 | CO85: 0 | CP85: 0 | CQ85: 0 | CR85: 0 | CS85: 0 | CT85: 0 | CU85: 0 | CV85: 0 | CW85: 0 | CX85: 0 | CY85: 0 | CZ85: 0 | DA85: 0 | DB85: 0 | DC85: 0 | DD85: 0 | DE85: 0 | DF85: 0 | DG85: 0 | DH85: 0 | DI85: 0 | DJ85: 0 | DK85: 0 | DL85: 0 | DM85: 0 | DN85: 0 | DO85: 0 | DP85: 0 | DQ85: 0 | DR85: 0 | DS85: 0 | DT85: 0 | DU85: 0 | DV85: 0 | DW85: 0 | DX85: 0 | DY85: 0 | DZ85: 0 | EA85: 0 | EB85: 0 | EC85: 0 | ED85: 0 | EE85: 0 | EF85: 0 | EG85: 0 | EH85: 0 | EI85: 0 | EJ85: 0 | EK85: 0 | EL85: 0 | EM85: 0 | EN85: 0 | EO85: 0 | EP85: 0 | EQ85: 0 | ER85: 0 | ES85: =SUM(I86:R86) -> 0 | ET85: =SUM(S85:AB85) -> 0 | EU85: =SUM(AC85:AL85) -> 0 | EV85: =SUM(AM85:AV85) -> 8 | EW85: =SUM(BG85:BP85) -> 0 | EX85: =SUM(BG85:BP85) -> 0 | EY85: =SUM(BQ85:BZ85) -> 0 | EZ85: =SUM(CA85:CJ85) -> 0 | FA85: =SUM(CK85:CT85) -> 0 | FB85: =SUM(CU85:DD85) -> 0 | FC85: =SUM(DE85:DN85) -> 0 | FD85: =SUM(DO85:DX85) -> 0 | FE85: =SUM(DY85:EH85) -> 0 | FF85: =SUM(EI85:ER85) -> 0 | FG85: =ROW(FG83) -> 83 | FH85: =SUM(ES85:FF85) -> 8 | FI85: =SUM(I7:ER7)-SUM(ES85:FF85) -> 120 | FJ85: =SUM(FH85:FI85) -> 128
B86: =IF(ISTEXT(D86),1,0) -> 1 | C86: 27 | D86: OLORUN TOYIN OPEYEMI | G86: 45915 | I86: 0 | J86: 0 | K86: 0 | L86: 0 | M86: 0 | N86: 0 | O86: 0 | P86: 0 | Q86: 0 | R86: 0 | S86: 1 | T86: 1 | U86: 1 | V86: 1 | W86: 1 | X86: 1 | Y86: 1 | Z86: 1 | AA86: 1 | AB86: 1 | AC86: 1 | AD86: 1 | AE86: 1 | AF86: 1 | AI86: 1 | AJ86: 1 | AK86: 1 | AL86: 1 | AM86: 1 | AN86: 1 | AO86: 1 | AP86: 1 | AQ86: 1 | AR86: 1 | AS86: 1 | AT86: 1 | AU86: 1 | AV86: 1 | AW86: 1 | AX86: 1 | AY86: 1 | AZ86: 1 | BA86: 1 | BB86: 1 | BC86: 1 | BD86: 1 | BE86: 1 | BF86: 1 | BG86: 1 | BH86: 1 | BI86: 1 | BJ86: 1 | BK86: 1 | BL86: 1 | BM86: 1 | BN86: 1 | BO86: 1 | BP86: 1 | BQ86: 1 | BR86: 1 | BS86: 1 | BT86: 1 | BU86: 1 | BV86: 1 | BW86: 1 | BX86: 1 | BY86: 1 | BZ86: 1 | CK86: 1 | CL86: 1 | CM86: 1 | CN86: 1 | CO86: 1 | CP86: 1 | CQ86: 1 | CR86: 1 | CS86: 1 | CT86: 1 | CU86: 1 | CV86: 1 | CW86: 1 | CX86: 1 | CY86: 1 | CZ86: 1 | DA86: 1 | DB86: 1 | DC86: 1 | DD86: 1 | DE86: 1 | DF86: 1 | DG86: 1 | DH86: 1 | DI86: 1 | DJ86: 1 | DK86: 1 | DL86: 1 | DM86: 1 | DN86: 1 | DO86: 1 | DP86: 1 | DQ86: 1 | DR86: 1 | DS86: 1 | DT86: 1 | DU86: 1 | DV86: 1 | DW86: 1 | DX86: 1 | DY86: 1 | DZ86: 1 | EA86: 1 | EB86: 1 | EC86: 1 | ED86: 1 | EE86: 1 | EF86: 1 | EG86: 1 | EH86: 1 | EI86: 1 | EJ86: 1 | EK86: 1 | EL86: 1 | EM86: 1 | EN86: 1 | EO86: 1 | EP86: 1 | EQ86: 1 | ER86: 1 | ES86: =SUM(I87:R87) -> 10 | ET86: =SUM(S86:AB86) -> 10 | EU86: =SUM(AC86:AL86) -> 8 | EV86: =SUM(AM86:AV86) -> 10 | EW86: =SUM(BG86:BP86) -> 10 | EX86: =SUM(BG86:BP86) -> 10 | EY86: =SUM(BQ86:BZ86) -> 10 | EZ86: =SUM(CA86:CJ86) -> 0 | FA86: =SUM(CK86:CT86) -> 10 | FB86: =SUM(CU86:DD86) -> 10 | FC86: =SUM(DE86:DN86) -> 10 | FD86: =SUM(DO86:DX86) -> 10 | FE86: =SUM(DY86:EH86) -> 10 | FF86: =SUM(EI86:ER86) -> 10 | FG86: =ROW(FG84) -> 84 | FH86: =SUM(ES86:FF86) -> 128 | FI86: =SUM(I7:ER7)-SUM(ES86:FF86) -> 0 | FJ86: =SUM(FH86:FI86) -> 128
B87: =IF(ISTEXT(D87),1,0) -> 1 | C87: 28 | D87: ONI GLORY | G87: 45915 | I87: 1 | J87: 1 | K87: 1 | L87: 1 | M87: 1 | N87: 1 | O87: 1 | P87: 1 | Q87: 1 | R87: 1 | S87: 1 | T87: 1 | U87: 1 | V87: 1 | W87: 1 | X87: 1 | Y87: 1 | Z87: 1 | AA87: 1 | AB87: 1 | AC87: 1 | AD87: 1 | AE87: 1 | AF87: 1 | AI87: 1 | AJ87: 1 | AK87: 0 | AL87: 0 | AM87: 1 | AN87: 1 | AO87: 1 | AP87: 1 | AQ87: 1 | AR87: 1 | AS87: 1 | AT87: 1 | AU87: 1 | AV87: 1 | AW87: 1 | AX87: 1 | AY87: 1 | AZ87: 1 | BA87: 1 | BB87: 1 | BC87: 1 | BD87: 1 | BE87: 1 | BF87: 1 | BG87: 1 | BH87: 1 | BI87: 1 | BJ87: 1 | BK87: 1 | BL87: 1 | BM87: 1 | BN87: 1 | BO87: 1 | BP87: 1 | BQ87: 1 | BR87: 1 | BS87: 1 | BT87: 1 | BU87: 1 | BV87: 1 | BW87: 1 | BX87: 1 | BY87: 1 | BZ87: 1 | CK87: 1 | CL87: 1 | CM87: 1 | CN87: 1 | CO87: 1 | CP87: 1 | CQ87: 1 | CR87: 1 | CS87: 1 | CT87: 1 | CU87: 1 | CV87: 1 | CW87: 1 | CX87: 1 | CY87: 1 | CZ87: 1 | DA87: 1 | DB87: 1 | DC87: 1 | DD87: 1 | DE87: 1 | DF87: 1 | DG87: 1 | DH87: 1 | DI87: 1 | DJ87: 1 | DK87: 1 | DL87: 1 | DM87: 1 | DN87: 1 | DO87: 1 | DP87: 1 | DQ87: 1 | DR87: 1 | DS87: 1 | DT87: 1 | DU87: 1 | DV87: 1 | DW87: 1 | DX87: 1 | DY87: 1 | DZ87: 1 | EA87: 1 | EB87: 1 | EC87: 1 | ED87: 1 | EE87: 1 | EF87: 1 | EG87: 1 | EH87: 1 | EI87: 1 | EJ87: 1 | EK87: 1 | EL87: 1 | EM87: 1 | EN87: 1 | EO87: 1 | EP87: 1 | EQ87: 1 | ER87: 1 | ES87: =SUM(I88:R88) -> 4 | ET87: =SUM(S87:AB87) -> 10 | EU87: =SUM(AC87:AL87) -> 6 | EV87: =SUM(AM87:AV87) -> 10 | EW87: =SUM(BG87:BP87) -> 10 | EX87: =SUM(BG87:BP87) -> 10 | EY87: =SUM(BQ87:BZ87) -> 10 | EZ87: =SUM(CA87:CJ87) -> 0 | FA87: =SUM(CK87:CT87) -> 10 | FB87: =SUM(CU87:DD87) -> 10 | FC87: =SUM(DE87:DN87) -> 10 | FD87: =SUM(DO87:DX87) -> 10 | FE87: =SUM(DY87:EH87) -> 10 | FF87: =SUM(EI87:ER87) -> 10 | FG87: =ROW(FG85) -> 85 | FH87: =SUM(ES87:FF87) -> 120 | FI87: =SUM(I7:ER7)-SUM(ES87:FF87) -> 8 | FJ87: =SUM(FH87:FI87) -> 128
B88: =IF(ISTEXT(D88),1,0) -> 1 | C88: 29 | D88: RAMON SOFIAT | G88: 45915 | I88: 0 | J88: 0 | K88: 1 | L88: 1 | M88: 0 | N88: 0 | O88: 1 | P88: 1 | Q88: 0 | R88: 0 | S88: 1 | T88: 1 | U88: 1 | V88: 1 | W88: 1 | X88: 1 | Y88: 1 | Z88: 1 | AA88: 1 | AB88: 1 | AC88: 1 | AD88: 1 | AE88: 1 | AF88: 1 | AI88: 1 | AJ88: 1 | AK88: 1 | AL88: 1 | AM88: 1 | AN88: 1 | AO88: 1 | AP88: 1 | AQ88: 1 | AR88: 1 | AS88: 1 | AT88: 1 | AU88: 1 | AV88: 1 | AW88: 1 | AX88: 1 | AY88: 1 | AZ88: 1 | BA88: 1 | BB88: 1 | BC88: 1 | BD88: 1 | BE88: 1 | BF88: 1 | BG88: 1 | BH88: 1 | BI88: 1 | BJ88: 1 | BK88: 1 | BL88: 1 | BM88: 1 | BN88: 1 | BO88: 1 | BP88: 1 | BQ88: 1 | BR88: 1 | BS88: 1 | BT88: 1 | BU88: 1 | BV88: 1 | BW88: 0 | BX88: 0 | BY88: 1 | BZ88: 1 | CK88: 1 | CL88: 1 | CM88: 1 | CN88: 1 | CO88: 1 | CP88: 1 | CQ88: 1 | CR88: 1 | CS88: 1 | CT88: 1 | CU88: 0 | CV88: 0 | CW88: 1 | CX88: 1 | CY88: 1 | CZ88: 1 | DA88: 1 | DB88: 1 | DC88: 1 | DD88: 1 | DE88: 1 | DF88: 1 | DG88: 1 | DH88: 1 | DI88: 1 | DJ88: 1 | DK88: 1 | DL88: 1 | DM88: 1 | DN88: 1 | DO88: 1 | DP88: 1 | DQ88: 1 | DR88: 1 | DS88: 1 | DT88: 1 | DU88: 1 | DV88: 1 | DW88: 1 | DX88: 1 | DY88: 1 | DZ88: 1 | EA88: 1 | EB88: 1 | EC88: 1 | ED88: 1 | EE88: 1 | EF88: 1 | EG88: 1 | EH88: 1 | EI88: 1 | EJ88: 1 | EK88: 1 | EL88: 1 | EM88: 1 | EN88: 1 | EO88: 1 | EP88: 1 | EQ88: 1 | ER88: 1 | ES88: =SUM(I89:R89) -> 0 | ET88: =SUM(S88:AB88) -> 10 | EU88: =SUM(AC88:AL88) -> 8 | EV88: =SUM(AM88:AV88) -> 10 | EW88: =SUM(BG88:BP88) -> 10 | EX88: =SUM(BG88:BP88) -> 10 | EY88: =SUM(BQ88:BZ88) -> 8 | EZ88: =SUM(CA88:CJ88) -> 0 | FA88: =SUM(CK88:CT88) -> 10 | FB88: =SUM(CU88:DD88) -> 8 | FC88: =SUM(DE88:DN88) -> 10 | FD88: =SUM(DO88:DX88) -> 10 | FE88: =SUM(DY88:EH88) -> 10 | FF88: =SUM(EI88:ER88) -> 10 | FG88: =ROW(FG86) -> 86 | FH88: =SUM(ES88:FF88) -> 114 | FI88: =SUM(I7:ER7)-SUM(ES88:FF88) -> 14 | FJ88: =SUM(FH88:FI88) -> 128
B89: =IF(ISTEXT(D89),1,0) -> 1 | C89: 30 | D89: TAIWO ANU | G89: 45915 | I89: 0 | J89: 0 | K89: 0 | L89: 0 | M89: 0 | N89: 0 | O89: 0 | P89: 0 | Q89: 0 | R89: 0 | S89: 0 | T89: 0 | U89: 1 | V89: 1 | W89: 1 | X89: 1 | Y89: 1 | Z89: 1 | AA89: 1 | AB89: 1 | AC89: 1 | AD89: 1 | AE89: 1 | AF89: 1 | AI89: 1 | AJ89: 1 | AK89: 1 | AL89: 1 | AM89: 1 | AN89: 1 | AO89: 1 | AP89: 1 | AQ89: 1 | AR89: 1 | AS89: 1 | AT89: 1 | AU89: 1 | AV89: 1 | AW89: 1 | AX89: 1 | AY89: 1 | AZ89: 1 | BA89: 1 | BB89: 1 | BC89: 1 | BD89: 1 | BE89: 1 | BF89: 1 | BG89: 1 | BH89: 1 | BI89: 1 | BJ89: 1 | BK89: 1 | BL89: 1 | BM89: 1 | BN89: 1 | BO89: 1 | BP89: 1 | BQ89: 1 | BR89: 1 | BS89: 1 | BT89: 1 | BU89: 1 | BV89: 1 | BW89: 1 | BX89: 1 | BY89: 1 | BZ89: 1 | CK89: 1 | CL89: 1 | CM89: 1 | CN89: 1 | CO89: 1 | CP89: 1 | CQ89: 1 | CR89: 1 | CS89: 1 | CT89: 1 | CU89: 1 | CV89: 1 | CW89: 1 | CX89: 1 | CY89: 1 | CZ89: 1 | DA89: 0 | DB89: 0 | DC89: 1 | DD89: 1 | DE89: 1 | DF89: 1 | DG89: 1 | DH89: 1 | DI89: 1 | DJ89: 1 | DK89: 1 | DL89: 1 | DM89: 1 | DN89: 1 | DO89: 1 | DP89: 1 | DQ89: 1 | DR89: 1 | DS89: 1 | DT89: 1 | DU89: 1 | DV89: 1 | DW89: 1 | DX89: 1 | DY89: 1 | DZ89: 1 | EA89: 1 | EB89: 1 | EC89: 1 | ED89: 1 | EE89: 1 | EF89: 1 | EG89: 1 | EH89: 1 | EI89: 1 | EJ89: 1 | EK89: 1 | EL89: 1 | EM89: 1 | EN89: 1 | EO89: 1 | EP89: 1 | EQ89: 1 | ER89: 1 | ES89: =SUM(I90:R90) -> 6 | ET89: =SUM(S89:AB89) -> 8 | EU89: =SUM(AC89:AL89) -> 8 | EV89: =SUM(AM89:AV89) -> 10 | EW89: =SUM(BG89:BP89) -> 10 | EX89: =SUM(BG89:BP89) -> 10 | EY89: =SUM(BQ89:BZ89) -> 10 | EZ89: =SUM(CA89:CJ89) -> 0 | FA89: =SUM(CK89:CT89) -> 10 | FB89: =SUM(CU89:DD89) -> 8 | FC89: =SUM(DE89:DN89) -> 10 | FD89: =SUM(DO89:DX89) -> 10 | FE89: =SUM(DY89:EH89) -> 10 | FF89: =SUM(EI89:ER89) -> 10 | FG89: =ROW(FG87) -> 87 | FH89: =SUM(ES89:FF89) -> 120 | FI89: =SUM(I7:ER7)-SUM(ES89:FF89) -> 8 | FJ89: =SUM(FH89:FI89) -> 128
B90: =IF(ISTEXT(D90),1,0) -> 1 | C90: 31 | D90: VICTOR BASSEY GIFT | G90: 45915 | I90: 0 | J90: 0 | K90: 0 | L90: 0 | M90: 1 | N90: 1 | O90: 1 | P90: 1 | Q90: 1 | R90: 1 | S90: 1 | T90: 1 | U90: 1 | V90: 1 | W90: 1 | X90: 1 | Y90: 1 | Z90: 1 | AA90: 1 | AB90: 1 | AC90: 1 | AD90: 1 | AE90: 1 | AF90: 1 | AI90: 1 | AJ90: 1 | AK90: 1 | AL90: 1 | AM90: 1 | AN90: 1 | AO90: 1 | AP90: 1 | AQ90: 1 | AR90: 1 | AS90: 1 | AT90: 1 | AU90: 1 | AV90: 1 | AW90: 1 | AX90: 1 | AY90: 1 | AZ90: 1 | BA90: 1 | BB90: 1 | BC90: 1 | BD90: 1 | BE90: 1 | BF90: 1 | BG90: 1 | BH90: 1 | BI90: 1 | BJ90: 1 | BK90: 1 | BL90: 1 | BM90: 1 | BN90: 1 | BO90: 1 | BP90: 1 | BQ90: 1 | BR90: 1 | BS90: 1 | BT90: 1 | BU90: 1 | BV90: 1 | BW90: 1 | BX90: 1 | BY90: 1 | BZ90: 1 | CK90: 1 | CL90: 1 | CM90: 1 | CN90: 1 | CO90: 1 | CP90: 1 | CQ90: 1 | CR90: 1 | CS90: 1 | CT90: 1 | CU90: 1 | CV90: 1 | CW90: 1 | CX90: 1 | CY90: 1 | CZ90: 1 | DA90: 1 | DB90: 1 | DC90: 1 | DD90: 1 | DE90: 1 | DF90: 1 | DG90: 1 | DH90: 1 | DI90: 1 | DJ90: 1 | DK90: 1 | DL90: 1 | DM90: 1 | DN90: 1 | DO90: 1 | DP90: 1 | DQ90: 1 | DR90: 1 | DS90: 1 | DT90: 1 | DU90: 1 | DV90: 1 | DW90: 1 | DX90: 1 | DY90: 1 | DZ90: 1 | EA90: 1 | EB90: 1 | EC90: 1 | ED90: 1 | EE90: 1 | EF90: 1 | EG90: 1 | EH90: 1 | EI90: 1 | EJ90: 1 | EK90: 1 | EL90: 1 | EM90: 1 | EN90: 1 | EO90: 1 | EP90: 1 | EQ90: 1 | ER90: 1 | ES90: =SUM(I91:R91) -> 0 | ET90: =SUM(S90:AB90) -> 10 | EU90: =SUM(AC90:AL90) -> 8 | EV90: =SUM(AM90:AV90) -> 10 | EW90: =SUM(BG90:BP90) -> 10 | EX90: =SUM(BG90:BP90) -> 10 | EY90: =SUM(BQ90:BZ90) -> 10 | EZ90: =SUM(CA90:CJ90) -> 0 | FA90: =SUM(CK90:CT90) -> 10 | FB90: =SUM(CU90:DD90) -> 10 | FC90: =SUM(DE90:DN90) -> 10 | FD90: =SUM(DO90:DX90) -> 10 | FE90: =SUM(DY90:EH90) -> 10 | FF90: =SUM(EI90:ER90) -> 10 | FG90: =ROW(FG88) -> 88 | FH90: =SUM(ES90:FF90) -> 118 | FI90: =SUM(I7:ER7)-SUM(ES90:FF90) -> 10 | FJ90: =SUM(FH90:FI90) -> 128
B91: =IF(ISTEXT(D91),1,0) -> 1 | C91: 32 | D91: OLUTOYE SUMISOLA | G91: 45915 | I91: 0 | J91: 0 | K91: 0 | L91: 0 | M91: 0 | N91: 0 | O91: 0 | P91: 0 | Q91: 0 | R91: 0 | S91: 0 | T91: 0 | U91: 0 | V91: 0 | W91: 0 | X91: 0 | Y91: 0 | Z91: 0 | AA91: 0 | AB91: 0 | AC91: 0 | AD91: 0 | AE91: 0 | AF91: 0 | AI91: 0 | AJ91: 0 | AK91: 0 | AL91: 0 | AM91: 0 | AN91: 0 | AO91: 0 | AP91: 0 | AQ91: 0 | AR91: 0 | AS91: 0 | AT91: 0 | AU91: 0 | AV91: 0 | AW91: 0 | AX91: 0 | AY91: 0 | AZ91: 0 | BA91: 0 | BB91: 0 | BC91: 0 | BD91: 0 | BE91: 0 | BF91: 0 | BG91: 0 | BH91: 0 | BI91: 0 | BJ91: 0 | BK91: 0 | BL91: 0 | BM91: 0 | BN91: 0 | BO91: 0 | BP91: 0 | BQ91: 0 | BR91: 0 | BS91: 0 | BT91: 0 | BU91: 0 | BV91: 0 | BW91: 0 | BX91: 0 | BY91: 0 | BZ91: 0 | CK91: 0 | CL91: 0 | CM91: 0 | CN91: 0 | CO91: 0 | CP91: 0 | CQ91: 0 | CR91: 0 | CS91: 0 | CT91: 0 | CU91: 0 | CV91: 0 | CW91: 0 | CX91: 0 | CY91: 0 | CZ91: 0 | DA91: 0 | DB91: 0 | DC91: 0 | DD91: 0 | DE91: 0 | DF91: 0 | DG91: 0 | DH91: 0 | DI91: 0 | DJ91: 0 | DK91: 0 | DL91: 0 | DM91: 0 | DN91: 0 | DO91: 0 | DP91: 0 | DQ91: 0 | DR91: 0 | DS91: 0 | DT91: 0 | DU91: 0 | DV91: 0 | DW91: 0 | DX91: 0 | DY91: 0 | DZ91: 0 | EA91: 0 | EB91: 0 | EC91: 0 | ED91: 0 | EE91: 0 | EF91: 0 | EG91: 0 | EH91: 0 | EI91: 0 | EJ91: 0 | EK91: 0 | EL91: 0 | EM91: 0 | EN91: 0 | EO91: 0 | EP91: 0 | EQ91: 0 | ER91: 0 | ES91: =SUM(I92:R92) -> 0 | ET91: =SUM(S91:AB91) -> 0 | EU91: =SUM(AC91:AL91) -> 0 | EV91: =SUM(AM91:AV91) -> 0 | EW91: =SUM(BG91:BP91) -> 0 | EX91: =SUM(BG91:BP91) -> 0 | EY91: =SUM(BQ91:BZ91) -> 0 | EZ91: =SUM(CA91:CJ91) -> 0 | FA91: =SUM(CK91:CT91) -> 0 | FB91: =SUM(CU91:DD91) -> 0 | FC91: =SUM(DE91:DN91) -> 0 | FD91: =SUM(DO91:DX91) -> 0 | FE91: =SUM(DY91:EH91) -> 0 | FF91: =SUM(EI91:ER91) -> 0 | FG91: =ROW(FG89) -> 89 | FH91: =SUM(ES91:FF91) -> 0 | FI91: =SUM(I7:ER7)-SUM(ES91:FF91) -> 128 | FJ91: =SUM(FH91:FI91) -> 128
B92: =IF(ISTEXT(D92),1,0) -> 1 | C92: 33 | D92: ONODU NGOZI | G92: 45915 | I92: 0 | J92: 0 | K92: 0 | L92: 0 | M92: 0 | N92: 0 | O92: 0 | P92: 0 | Q92: 0 | R92: 0 | S92: 0 | T92: 0 | U92: 0 | V92: 0 | W92: 0 | X92: 0 | Y92: 0 | Z92: 0 | AA92: 0 | AB92: 0 | AC92: 0 | AD92: 0 | AE92: 0 | AF92: 0 | AI92: 1 | AJ92: 1 | AK92: 1 | AL92: 1 | AM92: 1 | AN92: 1 | AO92: 1 | AP92: 1 | AQ92: 1 | AR92: 1 | AS92: 1 | AT92: 1 | AU92: 1 | AV92: 1 | AW92: 1 | AX92: 1 | AY92: 1 | AZ92: 1 | BA92: 1 | BB92: 1 | BC92: 1 | BD92: 1 | BE92: 1 | BF92: 1 | BG92: 1 | BH92: 1 | BI92: 1 | BJ92: 1 | BK92: 1 | BL92: 1 | BM92: 1 | BN92: 1 | BO92: 1 | BP92: 1 | BQ92: 1 | BR92: 1 | BS92: 1 | BT92: 1 | BU92: 1 | BV92: 1 | BW92: 1 | BX92: 1 | BY92: 1 | BZ92: 1 | CK92: 1 | CL92: 1 | CM92: 1 | CN92: 1 | CO92: 1 | CP92: 1 | CQ92: 1 | CR92: 1 | CS92: 1 | CT92: 1 | CU92: 1 | CV92: 1 | CW92: 1 | CX92: 1 | CY92: 1 | CZ92: 1 | DA92: 1 | DB92: 1 | DC92: 1 | DD92: 1 | DE92: 1 | DF92: 1 | DG92: 1 | DH92: 1 | DI92: 1 | DJ92: 1 | DK92: 1 | DL92: 1 | DM92: 1 | DN92: 1 | DO92: 1 | DP92: 1 | DQ92: 1 | DR92: 1 | DS92: 1 | DT92: 1 | DU92: 1 | DV92: 1 | DW92: 1 | DX92: 1 | DY92: 1 | DZ92: 1 | EA92: 1 | EB92: 1 | EC92: 1 | ED92: 1 | EE92: 1 | EF92: 1 | EG92: 1 | EH92: 1 | EI92: 1 | EJ92: 1 | EK92: 1 | EL92: 1 | EM92: 1 | EN92: 1 | EO92: 1 | EP92: 1 | EQ92: 1 | ER92: 1 | ES92: =SUM(I93:R93) -> 0 | ET92: =SUM(S92:AB92) -> 0 | EU92: =SUM(AC92:AL92) -> 4 | EV92: =SUM(AM92:AV92) -> 10 | EW92: =SUM(BG92:BP92) -> 10 | EX92: =SUM(BG92:BP92) -> 10 | EY92: =SUM(BQ92:BZ92) -> 10 | EZ92: =SUM(CA92:CJ92) -> 0 | FA92: =SUM(CK92:CT92) -> 10 | FB92: =SUM(CU92:DD92) -> 10 | FC92: =SUM(DE92:DN92) -> 10 | FD92: =SUM(DO92:DX92) -> 10 | FE92: =SUM(DY92:EH92) -> 10 | FF92: =SUM(EI92:ER92) -> 10 | FG92: =ROW(FG90) -> 90 | FH92: =SUM(ES92:FF92) -> 104 | FI92: =SUM(I7:ER7)-SUM(ES92:FF92) -> 24 | FJ92: =SUM(FH92:FI92) -> 128
B93: =IF(ISTEXT(D93),1,0) -> 1 | C93: 34 | D93: ZINKPON FAVOUR | G93: 45915 | I93: 0 | J93: 0 | K93: 0 | L93: 0 | M93: 0 | N93: 0 | O93: 0 | P93: 0 | Q93: 0 | R93: 0 | S93: 0 | T93: 0 | U93: 0 | V93: 0 | W93: 0 | X93: 0 | Y93: 0 | Z93: 0 | AA93: 0 | AB93: 0 | AC93: 0 | AD93: 0 | AE93: 0 | AF93: 0 | AI93: 0 | AJ93: 0 | AK93: 0 | AL93: 0 | AM93: 1 | AN93: 1 | AO93: 1 | AP93: 1 | AQ93: 1 | AR93: 1 | AS93: 1 | AT93: 1 | AU93: 1 | AV93: 1 | AW93: 1 | AX93: 1 | AY93: 1 | AZ93: 1 | BA93: 1 | BB93: 1 | BC93: 1 | BD93: 1 | BE93: 1 | BF93: 1 | BG93: 1 | BH93: 1 | BI93: 1 | BJ93: 1 | BK93: 1 | BL93: 1 | BM93: 1 | BN93: 1 | BO93: 1 | BP93: 1 | BQ93: 1 | BR93: 1 | BS93: 1 | BT93: 1 | BU93: 1 | BV93: 1 | BW93: 1 | BX93: 1 | BY93: 1 | BZ93: 1 | CK93: 1 | CL93: 1 | CM93: 1 | CN93: 1 | CO93: 1 | CP93: 1 | CQ93: 1 | CR93: 1 | CS93: 1 | CT93: 1 | CU93: 1 | CV93: 1 | CW93: 1 | CX93: 1 | CY93: 1 | CZ93: 1 | DA93: 1 | DB93: 1 | DC93: 1 | DD93: 1 | DE93: 1 | DF93: 1 | DG93: 1 | DH93: 1 | DI93: 1 | DJ93: 1 | DK93: 1 | DL93: 1 | DM93: 1 | DN93: 1 | DO93: 1 | DP93: 1 | DQ93: 1 | DR93: 1 | DS93: 1 | DT93: 1 | DU93: 1 | DV93: 1 | DW93: 1 | DX93: 1 | DY93: 1 | DZ93: 1 | EA93: 1 | EB93: 1 | EC93: 1 | ED93: 1 | EE93: 1 | EF93: 1 | EG93: 1 | EH93: 1 | EI93: 1 | EJ93: 1 | EK93: 1 | EL93: 1 | EM93: 1 | EN93: 1 | EO93: 1 | EP93: 1 | EQ93: 1 | ER93: 1 | ES93: =SUM(I94:R94) -> 0 | ET93: =SUM(S93:AB93) -> 0 | EU93: =SUM(AC93:AL93) -> 0 | EV93: =SUM(AM93:AV93) -> 10 | EW93: =SUM(BG93:BP93) -> 10 | EX93: =SUM(BG93:BP93) -> 10 | EY93: =SUM(BQ93:BZ93) -> 10 | EZ93: =SUM(CA93:CJ93) -> 0 | FA93: =SUM(CK93:CT93) -> 10 | FB93: =SUM(CU93:DD93) -> 10 | FC93: =SUM(DE93:DN93) -> 10 | FD93: =SUM(DO93:DX93) -> 10 | FE93: =SUM(DY93:EH93) -> 10 | FF93: =SUM(EI93:ER93) -> 10 | FG93: =ROW(FG91) -> 91 | FH93: =SUM(ES93:FF93) -> 100 | FI93: =SUM(I7:ER7)-SUM(ES93:FF93) -> 28 | FJ93: =SUM(FH93:FI93) -> 128
B94: =IF(ISTEXT(D94),1,0) -> 1 | C94: 35 | D94: RAJI RASHIDAT | G94: 45915 | I94: 0 | J94: 0 | K94: 0 | L94: 0 | M94: 0 | N94: 0 | O94: 0 | P94: 0 | Q94: 0 | R94: 0 | S94: 0 | T94: 0 | U94: 0 | V94: 0 | W94: 0 | X94: 0 | Y94: 0 | Z94: 0 | AA94: 0 | AB94: 0 | AC94: 0 | AD94: 0 | AE94: 0 | AF94: 0 | AI94: 0 | AJ94: 0 | AK94: 0 | AL94: 0 | AM94: 0 | AN94: 0 | AO94: 0 | AP94: 0 | AQ94: 1 | AR94: 1 | AS94: 1 | AT94: 1 | AU94: 1 | AV94: 1 | AW94: 1 | AX94: 1 | AY94: 1 | AZ94: 1 | BA94: 1 | BB94: 1 | BC94: 1 | BD94: 1 | BE94: 1 | BF94: 1 | BG94: 1 | BH94: 1 | BI94: 1 | BJ94: 1 | BK94: 1 | BL94: 1 | BM94: 1 | BN94: 1 | BO94: 1 | BP94: 1 | BQ94: 1 | BR94: 1 | BS94: 1 | BT94: 1 | BU94: 1 | BV94: 1 | BW94: 1 | BX94: 1 | BY94: 1 | BZ94: 1 | CK94: 1 | CL94: 1 | CM94: 1 | CN94: 1 | CO94: 1 | CP94: 1 | CQ94: 1 | CR94: 1 | CS94: 1 | CT94: 1 | CU94: 1 | CV94: 1 | CW94: 1 | CX94: 1 | CY94: 1 | CZ94: 1 | DA94: 1 | DB94: 1 | DC94: 1 | DD94: 1 | DE94: 1 | DF94: 1 | DG94: 1 | DH94: 1 | DI94: 1 | DJ94: 1 | DK94: 1 | DL94: 1 | DM94: 1 | DN94: 1 | DO94: 1 | DP94: 1 | DQ94: 1 | DR94: 1 | DS94: 1 | DT94: 1 | DU94: 1 | DV94: 1 | DW94: 1 | DX94: 1 | DY94: 1 | DZ94: 1 | EA94: 1 | EB94: 1 | EC94: 1 | ED94: 1 | EE94: 1 | EF94: 1 | EG94: 1 | EH94: 1 | EI94: 1 | EJ94: 1 | EK94: 1 | EL94: 1 | EM94: 1 | EN94: 1 | EO94: 1 | EP94: 1 | EQ94: 1 | ER94: 1 | ES94: =SUM(I95:R95) -> 0 | ET94: =SUM(S94:AB94) -> 0 | EU94: =SUM(AC94:AL94) -> 0 | EV94: =SUM(AM94:AV94) -> 6 | EW94: =SUM(BG94:BP94) -> 10 | EX94: =SUM(BG94:BP94) -> 10 | EY94: =SUM(BQ94:BZ94) -> 10 | EZ94: =SUM(CA94:CJ94) -> 0 | FA94: =SUM(CK94:CT94) -> 10 | FB94: =SUM(CU94:DD94) -> 10 | FC94: =SUM(DE94:DN94) -> 10 | FD94: =SUM(DO94:DX94) -> 10 | FE94: =SUM(DY94:EH94) -> 10 | FF94: =SUM(EI94:ER94) -> 10 | FG94: =ROW(FG92) -> 92 | FH94: =SUM(ES94:FF94) -> 96 | FI94: =SUM(I7:ER7)-SUM(ES94:FF94) -> 32 | FJ94: =SUM(FH94:FI94) -> 128
B95: =IF(ISTEXT(D95),1,0) -> 1 | C95: 36 | D95: ADEOLU MARY | G95: 45915 | I95: 0 | J95: 0 | K95: 0 | L95: 0 | M95: 0 | N95: 0 | O95: 0 | P95: 0 | Q95: 0 | R95: 0 | S95: 0 | T95: 0 | U95: 0 | V95: 0 | W95: 0 | X95: 0 | Y95: 0 | Z95: 0 | AA95: 0 | AB95: 0 | AC95: 0 | AD95: 0 | AE95: 0 | AF95: 0 | AI95: 0 | AJ95: 0 | AK95: 0 | AL95: 0 | AM95: 0 | AN95: 0 | AO95: 0 | AP95: 0 | AQ95: 0 | AR95: 0 | AS95: 0 | AT95: 0 | AU95: 0 | AV95: 0 | AW95: 1 | AX95: 1 | AY95: 1 | AZ95: 1 | BA95: 1 | BB95: 1 | BC95: 1 | BD95: 1 | BE95: 1 | BF95: 1 | BG95: 1 | BH95: 1 | BI95: 1 | BJ95: 1 | BK95: 1 | BL95: 1 | BM95: 1 | BN95: 1 | BO95: 1 | BP95: 1 | BQ95: 1 | BR95: 1 | BS95: 1 | BT95: 1 | BU95: 1 | BV95: 1 | BW95: 1 | BX95: 1 | BY95: 1 | BZ95: 1 | CK95: 1 | CL95: 1 | CM95: 1 | CN95: 1 | CO95: 1 | CP95: 1 | CQ95: 1 | CR95: 1 | CS95: 1 | CT95: 1 | CU95: 1 | CV95: 1 | CW95: 1 | CX95: 1 | CY95: 1 | CZ95: 1 | DA95: 1 | DB95: 1 | DC95: 1 | DD95: 1 | DE95: 1 | DF95: 1 | DG95: 1 | DH95: 1 | DI95: 1 | DJ95: 1 | DK95: 1 | DL95: 1 | DM95: 1 | DN95: 1 | DO95: 1 | DP95: 1 | DQ95: 1 | DR95: 1 | DS95: 1 | DT95: 1 | DU95: 1 | DV95: 1 | DW95: 1 | DX95: 1 | DY95: 1 | DZ95: 1 | EA95: 1 | EB95: 1 | EC95: 1 | ED95: 1 | EE95: 1 | EF95: 1 | EG95: 1 | EH95: 1 | EI95: 1 | EJ95: 1 | EK95: 1 | EL95: 1 | EM95: 1 | EN95: 1 | EO95: 1 | EP95: 1 | EQ95: 1 | ER95: 1 | ES95: =SUM(I96:R96) -> 0 | ET95: =SUM(S95:AB95) -> 0 | EU95: =SUM(AC95:AL95) -> 0 | EV95: =SUM(AM95:AV95) -> 0 | EW95: =SUM(BG95:BP95) -> 10 | EX95: =SUM(BG95:BP95) -> 10 | EY95: =SUM(BQ95:BZ95) -> 10 | EZ95: =SUM(CA95:CJ95) -> 0 | FA95: =SUM(CK95:CT95) -> 10 | FB95: =SUM(CU95:DD95) -> 10 | FC95: =SUM(DE95:DN95) -> 10 | FD95: =SUM(DO95:DX95) -> 10 | FE95: =SUM(DY95:EH95) -> 10 | FF95: =SUM(EI95:ER95) -> 10 | FG95: =ROW(FG93) -> 93 | FH95: =SUM(ES95:FF95) -> 90 | FI95: =SUM(I7:ER7)-SUM(ES95:FF95) -> 38 | FJ95: =SUM(FH95:FI95) -> 128
B96: =IF(ISTEXT(D96),1,0) -> 1 | C96: 37 | D96: DJOSSWNE DIONNE | G96: 45915 | I96: 0 | J96: 0 | K96: 0 | L96: 0 | M96: 0 | N96: 0 | O96: 0 | P96: 0 | Q96: 0 | R96: 0 | S96: 0 | T96: 0 | U96: 0 | V96: 0 | W96: 0 | X96: 0 | Y96: 0 | Z96: 0 | AA96: 0 | AB96: 0 | AC96: 0 | AD96: 0 | AE96: 0 | AF96: 0 | AI96: 0 | AJ96: 0 | AK96: 0 | AL96: 0 | AM96: 0 | AN96: 0 | AO96: 0 | AP96: 0 | AQ96: 0 | AR96: 0 | AS96: 0 | AT96: 0 | AU96: 0 | AV96: 0 | AW96: 0 | AX96: 0 | AY96: 0 | AZ96: 0 | BA96: 0 | BB96: 0 | BC96: 0 | BD96: 0 | BE96: 0 | BF96: 0 | BG96: 1 | BH96: 1 | BI96: 1 | BJ96: 1 | BK96: 1 | BL96: 1 | BM96: 1 | BN96: 1 | BO96: 1 | BP96: 1 | BQ96: 1 | BR96: 1 | BS96: 1 | BT96: 1 | BU96: 1 | BV96: 1 | BW96: 1 | BX96: 1 | BY96: 1 | BZ96: 1 | CK96: 1 | CL96: 1 | CM96: 1 | CN96: 1 | CO96: 1 | CP96: 1 | CQ96: 1 | CR96: 1 | CS96: 1 | CT96: 1 | CU96: 1 | CV96: 1 | CW96: 1 | CX96: 1 | CY96: 1 | CZ96: 1 | DA96: 1 | DB96: 1 | DC96: 1 | DD96: 1 | DE96: 1 | DF96: 1 | DG96: 1 | DH96: 1 | DI96: 1 | DJ96: 1 | DK96: 1 | DL96: 1 | DM96: 1 | DN96: 1 | DO96: 1 | DP96: 1 | DQ96: 1 | DR96: 1 | DS96: 1 | DT96: 1 | DU96: 1 | DV96: 1 | DW96: 1 | DX96: 1 | DY96: 1 | DZ96: 1 | EA96: 1 | EB96: 1 | EC96: 1 | ED96: 1 | EE96: 1 | EF96: 1 | EG96: 1 | EH96: 1 | EI96: 1 | EJ96: 1 | EK96: 1 | EL96: 1 | EM96: 1 | EN96: 1 | EO96: 1 | EP96: 1 | EQ96: 1 | ER96: 1 | ES96: =SUM(I97:R97) -> 0 | ET96: =SUM(S96:AB96) -> 0 | EU96: =SUM(AC96:AL96) -> 0 | EV96: =SUM(AM96:AV96) -> 0 | EW96: =SUM(BG96:BP96) -> 10 | EX96: =SUM(BG96:BP96) -> 10 | EY96: =SUM(BQ96:BZ96) -> 10 | EZ96: =SUM(CA96:CJ96) -> 0 | FA96: =SUM(CK96:CT96) -> 10 | FB96: =SUM(CU96:DD96) -> 10 | FC96: =SUM(DE96:DN96) -> 10 | FD96: =SUM(DO96:DX96) -> 10 | FE96: =SUM(DY96:EH96) -> 10 | FF96: =SUM(EI96:ER96) -> 10 | FG96: =ROW(FG94) -> 94 | FH96: =SUM(ES96:FF96) -> 90 | FI96: =SUM(I7:ER7)-SUM(ES96:FF96) -> 38 | FJ96: =SUM(FH96:FI96) -> 128
B97: =IF(ISTEXT(D97),1,0) -> 1 | C97: 38 | D97: AMOUSU NOFISAT | G97: 45915 | I97: 0 | J97: 0 | K97: 0 | L97: 0 | M97: 0 | N97: 0 | O97: 0 | P97: 0 | Q97: 0 | R97: 0 | S97: 0 | T97: 0 | U97: 0 | V97: 0 | W97: 0 | X97: 0 | Y97: 0 | Z97: 0 | AA97: 0 | AB97: 0 | AC97: 0 | AD97: 0 | AE97: 0 | AF97: 0 | AI97: 0 | AJ97: 0 | AK97: 0 | AL97: 0 | AM97: 0 | AN97: 0 | AO97: 0 | AP97: 0 | AQ97: 0 | AR97: 0 | AS97: 0 | AT97: 0 | AU97: 0 | AV97: 0 | AW97: 0 | AX97: 0 | AY97: 0 | AZ97: 0 | BA97: 0 | BB97: 0 | BC97: 0 | BD97: 0 | BE97: 0 | BF97: 0 | BG97: 0 | BH97: 0 | BI97: 0 | BJ97: 0 | BK97: 0 | BL97: 0 | BM97: 0 | BN97: 0 | BO97: 0 | BP97: 0 | BQ97: 0 | BR97: 0 | BS97: 0 | BT97: 0 | BU97: 0 | BV97: 0 | BW97: 0 | BX97: 0 | BY97: 0 | BZ97: 0 | CK97: 1 | CL97: 1 | CM97: 1 | CN97: 1 | CO97: 1 | CP97: 1 | CQ97: 1 | CR97: 1 | CS97: 1 | CT97: 1 | CU97: 1 | CV97: 1 | CW97: 1 | CX97: 1 | CY97: 1 | CZ97: 1 | DA97: 0 | DB97: 0 | DC97: 1 | DD97: 1 | DE97: 1 | DF97: 1 | DG97: 1 | DH97: 1 | DI97: 1 | DJ97: 1 | DK97: 1 | DL97: 1 | DM97: 1 | DN97: 1 | DO97: 1 | DP97: 1 | DQ97: 1 | DR97: 1 | DS97: 1 | DT97: 1 | DU97: 1 | DV97: 1 | DW97: 1 | DX97: 1 | DY97: 1 | DZ97: 1 | EA97: 1 | EB97: 1 | EC97: 1 | ED97: 1 | EE97: 1 | EF97: 1 | EG97: 1 | EH97: 1 | EI97: 1 | EJ97: 1 | EK97: 1 | EL97: 1 | EM97: 1 | EN97: 1 | EO97: 1 | EP97: 1 | EQ97: 1 | ER97: 1 | ES97: =SUM(I98:R98) -> 0 | ET97: =SUM(S97:AB97) -> 0 | EU97: =SUM(AC97:AL97) -> 0 | EV97: =SUM(AM97:AV97) -> 0 | EW97: =SUM(BG97:BP97) -> 0 | EX97: =SUM(BG97:BP97) -> 0 | EY97: =SUM(BQ97:BZ97) -> 0 | EZ97: =SUM(CA97:CJ97) -> 0 | FA97: =SUM(CK97:CT97) -> 10 | FB97: =SUM(CU97:DD97) -> 8 | FC97: =SUM(DE97:DN97) -> 10 | FD97: =SUM(DO97:DX97) -> 10 | FE97: =SUM(DY97:EH97) -> 10 | FF97: =SUM(EI97:ER97) -> 10 | FG97: =ROW(FG95) -> 95 | FH97: =SUM(ES97:FF97) -> 58 | FI97: =SUM(I7:ER7)-SUM(ES97:FF97) -> 70 | FJ97: =SUM(FH97:FI97) -> 128
B98: =IF(ISTEXT(D98),1,0) -> 0 | C98: 39 | G98: 45915 | ES98: =SUM(I99:R99) -> 0 | ET98: =SUM(S98:AB98) -> 0 | EU98: =SUM(AC98:AL98) -> 0 | EV98: =SUM(AM98:AV98) -> 0 | EW98: =SUM(BG98:BP98) -> 0 | EX98: =SUM(BG98:BP98) -> 0 | EY98: =SUM(BQ98:BZ98) -> 0 | EZ98: =SUM(CA98:CJ98) -> 0 | FA98: =SUM(CK98:CT98) -> 0 | FB98: =SUM(CU98:DD98) -> 0 | FC98: =SUM(DE98:DN98) -> 0 | FD98: =SUM(DO98:DX98) -> 0 | FE98: =SUM(DY98:EH98) -> 0 | FF98: =SUM(EI98:ER98) -> 0 | FG98: =ROW(FG96) -> 96 | FH98: =SUM(ES98:FF98) -> 0 | FI98: =SUM(I7:ER7)-SUM(ES98:FF98) -> 128 | FJ98: =SUM(FH98:FI98) -> 128
B99: =IF(ISTEXT(D99),1,0) -> 0 | C99: 40 | G99: 45915 | ES99: =SUM(I100:R100) -> 0 | ET99: =SUM(S99:AB99) -> 0 | EU99: =SUM(AC99:AL99) -> 0 | EV99: =SUM(AM99:AV99) -> 0 | EW99: =SUM(BG99:BP99) -> 0 | EX99: =SUM(BG99:BP99) -> 0 | EY99: =SUM(BQ99:BZ99) -> 0 | EZ99: =SUM(CA99:CJ99) -> 0 | FA99: =SUM(CK99:CT99) -> 0 | FB99: =SUM(CU99:DD99) -> 0 | FC99: =SUM(DE99:DN99) -> 0 | FD99: =SUM(DO99:DX99) -> 0 | FE99: =SUM(DY99:EH99) -> 0 | FF99: =SUM(EI99:ER99) -> 0 | FG99: =ROW(FG97) -> 97 | FH99: =SUM(ES99:FF99) -> 0 | FI99: =SUM(I7:ER7)-SUM(ES99:FF99) -> 128 | FJ99: =SUM(FH99:FI99) -> 128
B100: =IF(ISTEXT(D100),1,0) -> 0 | C100: 41 | G100: 45915 | ES100: =SUM(I101:R101) -> 0 | ET100: =SUM(S100:AB100) -> 0 | EU100: =SUM(AC100:AL100) -> 0 | EV100: =SUM(AM100:AV100) -> 0 | EW100: =SUM(BG100:BP100) -> 0 | EX100: =SUM(BG100:BP100) -> 0 | EY100: =SUM(BQ100:BZ100) -> 0 | EZ100: =SUM(CA100:CJ100) -> 0 | FA100: =SUM(CK100:CT100) -> 0 | FB100: =SUM(CU100:DD100) -> 0 | FC100: =SUM(DE100:DN100) -> 0 | FD100: =SUM(DO100:DX100) -> 0 | FE100: =SUM(DY100:EH100) -> 0 | FF100: =SUM(EI100:ER100) -> 0 | FG100: =ROW(FG98) -> 98 | FH100: =SUM(ES100:FF100) -> 0 | FI100: =SUM(I7:ER7)-SUM(ES100:FF100) -> 128 | FJ100: =SUM(FH100:FI100) -> 128
B101: =IF(ISTEXT(D101),1,0) -> 0 | C101: 42 | G101: 45915 | ES101: =SUM(I102:R102) -> 0 | ET101: =SUM(S101:AB101) -> 0 | EU101: =SUM(AC101:AL101) -> 0 | EV101: =SUM(AM101:AV101) -> 0 | EW101: =SUM(BG101:BP101) -> 0 | EX101: =SUM(BG101:BP101) -> 0 | EY101: =SUM(BQ101:BZ101) -> 0 | EZ101: =SUM(CA101:CJ101) -> 0 | FA101: =SUM(CK101:CT101) -> 0 | FB101: =SUM(CU101:DD101) -> 0 | FC101: =SUM(DE101:DN101) -> 0 | FD101: =SUM(DO101:DX101) -> 0 | FE101: =SUM(DY101:EH101) -> 0 | FF101: =SUM(EI101:ER101) -> 0 | FG101: =ROW(FG99) -> 99 | FH101: =SUM(ES101:FF101) -> 0 | FI101: =SUM(I7:ER7)-SUM(ES101:FF101) -> 128 | FJ101: =SUM(FH101:FI101) -> 128
...

Sheet SSS2 ATTENDANCE
E1: TIMSATH MODERN SCHOOL
E2: NURSERY, PRIMARY, AND COLLEDE
E3: 29, SALAMI STREET, BOGIJE, IBEJU LEKKI, LAGOS.
E4: TEL. 08162280395, 08165051119
C5: First____________Term 20__25 Class SSS2 Department____________________
B6: D. A | C6: NO. | D6: NAME (In Mied school,Girls in red ink) | E6: Number in Admission Register | F6: Age | G6: Date of Promotion to this class | I6: 1 Week ending……19 SEPTEMBER 2025....... M T W TH F | S6: 2 Week ending….....26TH SEPTEMBER 2025.... M T W TH F | AC6: 3 Week ending……3RD OCTOBER 2025....... M T W TH F | AM6: 4 Week ending….10TH OCTOBER. M T W TH F | AW6: 5 Week ending 17TH OCTOBER. M T W TH F | BG6: 6 Week ending 24th OCTONBER… M T W TH F | BQ6: 7 Week ending 3RD OCTOBER M T W TH F | CA6: 8 Week ending….......... M T W TH F | CK6: 9 Week ending….......... M T W TH F | CU6: 10 Week ending….......... M T W TH F | DE6: 11 Week ending….......... M T W TH F | DO6: 12 Week ending….......... M T W TH F | DY6: 13 Week ending….......... M T W TH F | EI6: 14 Week ending….......... M T W TH F | ES6: Weekly Totals 1 2 3 4 5 6 7 8 9 10 11 12 13 14 | FG6: NO. | FH6: Total Attendance for term | FI6: Brought forward | FJ6: Total
D7: FOR BOYS ONLY | I7: 1 | J7: 1 | K7: 1 | L7: 1 | M7: 1 | N7: 1 | O7: 1 | P7: 1 | Q7: 1 | R7: 1 | S7: 1 | T7: 1 | U7: 1 | V7: 1 | W7: 1 | X7: 1 | Y7: 1 | Z7: 1 | AA7: 1 | AB7: 1 | AC7: 1 | AD7: 1 | AE7: 1 | AF7: 1 | AG7: 0 | AH7: 0 | AI7: 1 | AJ7: 1 | AK7: 1 | AL7: 1 | AM7: 1 | AN7: 1 | AO7: 1 | AP7: 1 | AQ7: 1 | AR7: 1 | AS7: 1 | AT7: 1 | AU7: 1 | AV7: 1 | AW7: 1 | AX7: 1 | AY7: 1 | AZ7: 1 | BA7: 1 | BB7: 1 | BC7: 1 | BD7: 1 | BE7: 1 | BF7: 1 | BG7: 1 | BH7: 1 | BI7: 1 | BJ7: 1 | BK7: 1 | BL7: 1 | BM7: 1 | BN7: 1 | BO7: 1 | BP7: 1 | BQ7: 1 | BR7: 1 | BS7: 1 | BT7: 1 | BU7: 1 | BV7: 1 | BW7: 1 | BX7: 1 | BY7: 1 | BZ7: 1 | CK7: 1 | CL7: 1 | CM7: 1 | CN7: 1 | CO7: 1 | CP7: 1 | CQ7: 1 | CR7: 1 | CS7: 1 | CT7: 1 | CU7: 1 | CV7: 1 | CW7: 1 | CX7: 1 | CY7: 1 | CZ7: 1 | DA7: 1 | DB7: 1 | DC7: 1 | DD7: 1 | DE7: 1 | DF7: 1 | DG7: 1 | DH7: 1 | DI7: 1 | DJ7: 1 | DK7: 1 | DL7: 1 | DM7: 1 | DN7: 1 | DO7: 1 | DP7: 1 | DQ7: 1 | DR7: 1 | DS7: 1 | DT7: 1 | DU7: 1 | DV7: 1 | DW7: 1 | DX7: 1 | DY7: 1 | DZ7: 1 | EA7: 1 | EB7: 1 | EC7: 1 | ED7: 1 | EE7: 1 | EF7: 1 | EG7: 1 | EH7: 1 | EI7: 1 | EJ7: 1 | EK7: 1 | EL7: 1 | EM7: 1 | EN7: 1 | EO7: 1 | EP7: 1 | EQ7: 1 | ER7: 1
B8: =IF(ISTEXT(D8),1,0) -> 1 | C8: =ROW(D1) -> 1 | D8: ABIMBOLA TESTIMONY | F8: 14 | G8: 45915 | I8: 0 | J8: 0 | K8: 1 | L8: 1 | M8: 1 | N8: 1 | O8: 1 | P8: 1 | Q8: 1 | R8: 1 | S8: 1 | T8: 1 | U8: 1 | V8: 1 | W8: 1 | X8: 1 | Y8: 1 | Z8: 1 | AA8: 1 | AB8: 1 | AC8: 1 | AD8: 1 | AE8: 1 | AF8: 1 | AI8: 1 | AJ8: 1 | AK8: 1 | AL8: 1 | AM8: 1 | AN8: 1 | AO8: 1 | AP8: 1 | AQ8: 1 | AR8: 1 | AS8: 1 | AT8: 1 | AU8: 1 | AV8: 1 | AW8: 1 | AX8: 1 | AY8: 1 | AZ8: 1 | BA8: 1 | BB8: 1 | BC8: 1 | BD8: 1 | BE8: 1 | BF8: 1 | BG8: 1 | BH8: 1 | BI8: 1 | BJ8: 1 | BK8: 1 | BL8: 1 | BM8: 1 | BN8: 1 | BO8: 1 | BP8: 1 | BQ8: 1 | BR8: 1 | BS8: 1 | BT8: 1 | BU8: 1 | BV8: 1 | BW8: 1 | BX8: 1 | BY8: 1 | BZ8: 1 | CK8: 1 | CL8: 1 | CM8: 1 | CN8: 1 | CO8: 1 | CP8: 1 | CQ8: 1 | CR8: 1 | CS8: 1 | CT8: 1 | CU8: 1 | CV8: 1 | CW8: 1 | CX8: 1 | CY8: 1 | CZ8: 1 | DA8: 1 | DB8: 1 | DC8: 1 | DD8: 1 | DE8: 1 | DF8: 1 | DG8: 1 | DH8: 1 | DI8: 1 | DJ8: 1 | DK8: 1 | DL8: 1 | DM8: 1 | DN8: 1 | DO8: 1 | DP8: 1 | DQ8: 1 | DR8: 1 | DS8: 1 | DT8: 1 | DU8: 1 | DV8: 1 | DW8: 1 | DX8: 1 | DY8: 1 | DZ8: 1 | EA8: 1 | EB8: 1 | EC8: 1 | ED8: 1 | EE8: 1 | EF8: 1 | EG8: 1 | EH8: 1 | EI8: 1 | EJ8: 1 | EK8: 1 | EL8: 1 | EM8: 1 | EN8: 1 | EO8: 1 | EP8: 1 | EQ8: 1 | ER8: 1 | ES8: =SUM(I8:R8) -> 8 | ET8: =SUM(S8:AB8) -> 10 | EU8: =SUM(AC8:AL8) -> 8 | EV8: =SUM(AM8:AV8) -> 10 | EW8: =SUM(BG8:BP8) -> 10 | EX8: =SUM(BQ8:BZ8) -> 10 | EY8: =SUM(BQ8:BZ8) -> 10 | EZ8: =SUM(CA8:CJ8) -> 0 | FA8: =SUM(CK8:CT8) -> 10 | FB8: =SUM(CU8:DD8) -> 10 | FC8: =SUM(DE8:DN8) -> 10 | FD8: =SUM(DO8:DX8) -> 10 | FE8: =SUM(DY8:EH8) -> 10 | FF8: =SUM(EI8:ER8) -> 10 | FG8: 1 | FH8: =SUM(ES8:FF8) -> 126 | FI8: =SUM(I7:ER7)-SUM(ES8:FF8) -> 2 | FJ8: =SUM(FH8:FI8) -> 128
B9: =IF(ISTEXT(D9),1,0) -> 1 | C9: =ROW(D2) -> 2 | D9: ASIWAJU ABUBAKAR | F9: 15 | G9: 45915 | I9: 0 | J9: 0 | K9: 0 | L9: 0 | M9: 0 | N9: 0 | O9: 0 | P9: 0 | Q9: 0 | R9: 0 | S9: 0 | T9: 0 | U9: 0 | V9: 0 | W9: 0 | X9: 0 | Y9: 0 | Z9: 0 | AA9: 0 | AB9: 0 | AC9: 1 | AD9: 1 | AE9: 1 | AF9: 1 | AI9: 1 | AJ9: 1 | AK9: 1 | AL9: 1 | AM9: 1 | AN9: 1 | AO9: 1 | AP9: 1 | AQ9: 1 | AR9: 1 | AS9: 1 | AT9: 1 | AU9: 1 | AV9: 1 | AW9: 1 | AX9: 1 | AY9: 1 | AZ9: 1 | BA9: 1 | BB9: 1 | BC9: 1 | BD9: 1 | BE9: 1 | BF9: 1 | BG9: 1 | BH9: 1 | BI9: 1 | BJ9: 1 | BK9: 1 | BL9: 1 | BM9: 1 | BN9: 1 | BO9: 1 | BP9: 1 | BQ9: 1 | BR9: 1 | BS9: 1 | BT9: 1 | BU9: 1 | BV9: 1 | BW9: 0 | BX9: 0 | BY9: 0 | BZ9: 0 | CK9: 1 | CL9: 1 | CM9: 1 | CN9: 1 | CO9: 1 | CP9: 1 | CQ9: 1 | CR9: 1 | CS9: 1 | CT9: 1 | CU9: 1 | CV9: 1 | CW9: 1 | CX9: 1 | CY9: 1 | CZ9: 1 | DA9: 1 | DB9: 1 | DC9: 1 | DD9: 1 | DE9: 1 | DF9: 1 | DG9: 1 | DH9: 1 | DI9: 1 | DJ9: 1 | DK9: 1 | DL9: 1 | DM9: 1 | DN9: 1 | DO9: 1 | DP9: 1 | DQ9: 1 | DR9: 1 | DS9: 1 | DT9: 1 | DU9: 1 | DV9: 1 | DW9: 1 | DX9: 1 | DY9: 1 | DZ9: 1 | EA9: 1 | EB9: 1 | EC9: 1 | ED9: 1 | EE9: 1 | EF9: 1 | EG9: 1 | EH9: 1 | EI9: 1 | EJ9: 1 | EK9: 1 | EL9: 1 | EM9: 1 | EN9: 1 | EO9: 1 | EP9: 1 | EQ9: 1 | ER9: 1 | ES9: =SUM(I9:R9) -> 0 | ET9: =SUM(S9:AB9) -> 0 | EU9: =SUM(AC9:AL9) -> 8 | EV9: =SUM(AM9:AV9) -> 10 | EW9: =SUM(BG9:BP9) -> 10 | EX9: =SUM(BG9:BP9) -> 10 | EY9: =SUM(BQ9:BZ9) -> 6 | EZ9: =SUM(CA9:CJ9) -> 0 | FA9: =SUM(CK9:CT9) -> 10 | FB9: =SUM(CU9:DD9) -> 10 | FC9: =SUM(DE9:DN9) -> 10 | FD9: =SUM(DO9:DX9) -> 10 | FE9: =SUM(DY9:EH9) -> 10 | FF9: =SUM(EI9:ER9) -> 10 | FG9: 2 | FH9: =SUM(ES9:FF9) -> 104 | FI9: =SUM(I7:ER7)-SUM(ES9:FF9) -> 24 | FJ9: =SUM(FH9:FI9) -> 128
B10: =IF(ISTEXT(D10),1,0) -> 1 | C10: =ROW(D3) -> 3 | D10: ADEKWN MAYOWA | F10: 18 | G10: 45915 | I10: 0 | J10: 0 | K10: 0 | L10: 0 | M10: 1 | N10: 1 | O10: 1 | P10: 1 | Q10: 1 | R10: 1 | S10: 1 | T10: 1 | U10: 1 | V10: 1 | W10: 1 | X10: 1 | Y10: 1 | Z10: 1 | AA10: 1 | AB10: 1 | AC10: 1 | AD10: 1 | AE10: 1 | AF10: 1 | AI10: 1 | AJ10: 1 | AK10: 1 | AL10: 1 | AM10: 1 | AN10: 1 | AO10: 1 | AP10: 1 | AQ10: 1 | AR10: 1 | AS10: 1 | AT10: 1 | AU10: 1 | AV10: 1 | AW10: 1 | AX10: 1 | AY10: 1 | AZ10: 1 | BA10: 1 | BB10: 1 | BC10: 1 | BD10: 1 | BE10: 1 | BF10: 1 | BG10: 1 | BH10: 1 | BI10: 1 | BJ10: 1 | BK10: 1 | BL10: 1 | BM10: 1 | BN10: 1 | BO10: 1 | BP10: 1 | BQ10: 1 | BR10: 1 | BS10: 1 | BT10: 1 | BU10: 1 | BV10: 1 | BW10: 1 | BX10: 1 | BY10: 1 | BZ10: 1 | CK10: 1 | CL10: 1 | CM10: 1 | CN10: 1 | CO10: 1 | CP10: 1 | CQ10: 1 | CR10: 1 | CS10: 1 | CT10: 1 | CU10: 1 | CV10: 1 | CW10: 1 | CX10: 1 | CY10: 1 | CZ10: 1 | DA10: 1 | DB10: 1 | DC10: 1 | DD10: 1 | DE10: 1 | DF10: 1 | DG10: 1 | DH10: 1 | DI10: 1 | DJ10: 1 | DK10: 1 | DL10: 1 | DM10: 1 | DN10: 1 | DO10: 1 | DP10: 1 | DQ10: 1 | DR10: 1 | DS10: 1 | DT10: 1 | DU10: 1 | DV10: 1 | DW10: 1 | DX10: 1 | DY10: 1 | DZ10: 1 | EA10: 1 | EB10: 1 | EC10: 1 | ED10: 1 | EE10: 1 | EF10: 1 | EG10: 1 | EH10: 1 | EI10: 1 | EJ10: 1 | EK10: 1 | EL10: 1 | EM10: 1 | EN10: 1 | EO10: 1 | EP10: 1 | EQ10: 1 | ER10: 1 | ES10: =SUM(I10:R10) -> 6 | ET10: =SUM(S10:AB10) -> 10 | EU10: =SUM(AC10:AL10) -> 8 | EV10: =SUM(AM10:AV10) -> 10 | EW10: =SUM(BG10:BP10) -> 10 | EX10: =SUM(BG10:BP10) -> 10 | EY10: =SUM(BQ10:BZ10) -> 10 | EZ10: =SUM(CA10:CJ10) -> 0 | FA10: =SUM(CK10:CT10) -> 10 | FB10: =SUM(CU10:DD10) -> 10 | FC10: =SUM(DE10:DN10) -> 10 | FD10: =SUM(DO10:DX10) -> 10 | FE10: =SUM(DY10:EH10) -> 10 | FF10: =SUM(EI10:ER10) -> 10 | FG10: 3 | FH10: =SUM(ES10:FF10) -> 124 | FI10: =SUM(I7:ER7)-SUM(ES10:FF10) -> 4 | FJ10: =SUM(FH10:FI10) -> 128
B11: =IF(ISTEXT(D11),1,0) -> 1 | C11: =ROW(D4) -> 4 | D11: EMMANUEL GABRIEL | F11: 16 | G11: 45915 | I11: 1 | J11: 1 | K11: 1 | L11: 1 | M11: 1 | N11: 1 | O11: 1 | P11: 1 | Q11: 1 | R11: 1 | S11: 1 | T11: 1 | U11: 1 | V11: 1 | W11: 1 | X11: 1 | Y11: 1 | Z11: 1 | AA11: 1 | AB11: 1 | AC11: 1 | AD11: 1 | AE11: 1 | AF11: 1 | AI11: 1 | AJ11: 1 | AK11: 0 | AL11: 0 | AM11: 1 | AN11: 1 | AO11: 1 | AP11: 1 | AQ11: 1 | AR11: 1 | AS11: 0 | AT11: 0 | AU11: 0 | AV11: 0 | AW11: 1 | AX11: 1 | AY11: 1 | AZ11: 1 | BA11: 1 | BB11: 1 | BC11: 1 | BD11: 1 | BE11: 1 | BF11: 1 | BG11: 1 | BH11: 1 | BI11: 1 | BJ11: 1 | BK11: 1 | BL11: 1 | BM11: 1 | BN11: 1 | BO11: 1 | BP11: 1 | BQ11: 1 | BR11: 1 | BS11: 1 | BT11: 1 | BU11: 1 | BV11: 1 | BW11: 1 | BX11: 1 | BY11: 1 | BZ11: 1 | CK11: 1 | CL11: 1 | CM11: 1 | CN11: 1 | CO11: 1 | CP11: 1 | CQ11: 1 | CR11: 1 | CS11: 1 | CT11: 1 | CU11: 1 | CV11: 1 | CW11: 1 | CX11: 1 | CY11: 1 | CZ11: 1 | DA11: 1 | DB11: 1 | DC11: 1 | DD11: 1 | DE11: 1 | DF11: 1 | DG11: 1 | DH11: 1 | DI11: 1 | DJ11: 1 | DK11: 1 | DL11: 1 | DM11: 1 | DN11: 1 | DO11: 1 | DP11: 1 | DQ11: 1 | DR11: 1 | DS11: 1 | DT11: 1 | DU11: 1 | DV11: 1 | DW11: 1 | DX11: 1 | DY11: 1 | DZ11: 1 | EA11: 1 | EB11: 1 | EC11: 1 | ED11: 1 | EE11: 1 | EF11: 1 | EG11: 1 | EH11: 1 | EI11: 1 | EJ11: 1 | EK11: 1 | EL11: 1 | EM11: 1 | EN11: 1 | EO11: 1 | EP11: 1 | EQ11: 1 | ER11: 1 | ES11: =SUM(I11:R11) -> 10 | ET11: =SUM(S11:AB11) -> 10 | EU11: =SUM(AC11:AL11) -> 6 | EV11: =SUM(AM11:AV11) -> 6 | EW11: =SUM(BG11:BP11) -> 10 | EX11: =SUM(BG11:BP11) -> 10 | EY11: =SUM(BQ11:BZ11) -> 10 | EZ11: =SUM(CA11:CJ11) -> 0 | FA11: =SUM(CK11:CT11) -> 10 | FB11: =SUM(CU11:DD11) -> 10 | FC11: =SUM(DE11:DN11) -> 10 | FD11: =SUM(DO11:DX11) -> 10 | FE11: =SUM(DY11:EH11) -> 10 | FF11: =SUM(EI11:ER11) -> 10 | FG11: =ROW(FG9) -> 9 | FH11: =SUM(ES11:FF11) -> 122 | FI11: =SUM(I7:ER7)-SUM(ES11:FF11) -> 6 | FJ11: =SUM(FH11:FI11) -> 128
B12: =IF(ISTEXT(D12),1,0) -> 1 | C12: =ROW(D5) -> 5 | D12: MICHAH WISDOM | F12: 15 | G12: 45915 | I12: 1 | J12: 1 | K12: 1 | L12: 1 | M12: 1 | N12: 1 | O12: 1 | P12: 1 | Q12: 1 | R12: 1 | S12: 1 | T12: 1 | U12: 1 | V12: 1 | W12: 1 | X12: 1 | Y12: 1 | Z12: 1 | AA12: 1 | AB12: 1 | AC12: 1 | AD12: 1 | AE12: 1 | AF12: 1 | AI12: 1 | AJ12: 1 | AK12: 1 | AL12: 1 | AM12: 1 | AN12: 1 | AO12: 1 | AP12: 1 | AQ12: 1 | AR12: 1 | AS12: 1 | AT12: 1 | AU12: 1 | AV12: 1 | AW12: 1 | AX12: 1 | AY12: 1 | AZ12: 1 | BA12: 1 | BB12: 1 | BC12: 1 | BD12: 1 | BE12: 1 | BF12: 1 | BG12: 1 | BH12: 1 | BI12: 1 | BJ12: 1 | BK12: 1 | BL12: 1 | BM12: 1 | BN12: 1 | BO12: 1 | BP12: 1 | BQ12: 1 | BR12: 1 | BS12: 1 | BT12: 1 | BU12: 1 | BV12: 1 | BW12: 1 | BX12: 1 | BY12: 1 | BZ12: 1 | CK12: 1 | CL12: 1 | CM12: 1 | CN12: 1 | CO12: 1 | CP12: 1 | CQ12: 1 | CR12: 1 | CS12: 1 | CT12: 1 | CU12: 1 | CV12: 1 | CW12: 1 | CX12: 1 | CY12: 1 | CZ12: 1 | DA12: 1 | DB12: 1 | DC12: 1 | DD12: 1 | DE12: 1 | DF12: 1 | DG12: 1 | DH12: 1 | DI12: 1 | DJ12: 1 | DK12: 1 | DL12: 1 | DM12: 1 | DN12: 1 | DO12: 1 | DP12: 1 | DQ12: 1 | DR12: 1 | DS12: 1 | DT12: 1 | DU12: 1 | DV12: 1 | DW12: 1 | DX12: 1 | DY12: 1 | DZ12: 1 | EA12: 1 | EB12: 1 | EC12: 1 | ED12: 1 | EE12: 1 | EF12: 1 | EG12: 1 | EH12: 1 | EI12: 1 | EJ12: 1 | EK12: 1 | EL12: 1 | EM12: 1 | EN12: 1 | EO12: 1 | EP12: 1 | EQ12: 1 | ER12: 1 | ES12: =SUM(I12:R12) -> 10 | ET12: =SUM(S12:AB12) -> 10 | EU12: =SUM(AC12:AL12) -> 8 | EV12: =SUM(AM12:AV12) -> 10 | EW12: =SUM(BG12:BP12) -> 10 | EX12: =SUM(BG12:BP12) -> 10 | EY12: =SUM(BQ12:BZ12) -> 10 | EZ12: =SUM(CA12:CJ12) -> 0 | FA12: =SUM(CK12:CT12) -> 10 | FB12: =SUM(CU12:DD12) -> 10 | FC12: =SUM(DE12:DN12) -> 10 | FD12: =SUM(DO12:DX12) -> 10 | FE12: =SUM(DY12:EH12) -> 10 | FF12: =SUM(EI12:ER12) -> 10 | FG12: =ROW(FG10) -> 10 | FH12: =SUM(ES12:FF12) -> 128 | FI12: =SUM(I7:ER7)-SUM(ES12:FF12) -> 0 | FJ12: =SUM(FH12:FI12) -> 128
B13: =IF(ISTEXT(D13),1,0) -> 1 | C13: =ROW(D6) -> 6 | D13: MISSEWU EMMANUEL | F13: 15 | G13: 45915 | I13: 0 | J13: 0 | K13: 1 | L13: 1 | M13: 1 | N13: 1 | O13: 1 | P13: 1 | Q13: 1 | R13: 1 | S13: 1 | T13: 1 | U13: 1 | V13: 1 | W13: 1 | X13: 1 | Y13: 1 | Z13: 1 | AA13: 1 | AB13: 1 | AC13: 1 | AD13: 1 | AE13: 1 | AF13: 1 | AI13: 0 | AJ13: 0 | AK13: 1 | AL13: 1 | AM13: 1 | AN13: 1 | AO13: 1 | AP13: 1 | AQ13: 1 | AR13: 1 | AS13: 1 | AT13: 1 | AU13: 1 | AV13: 1 | AW13: 1 | AX13: 1 | AY13: 1 | AZ13: 1 | BA13: 1 | BB13: 1 | BC13: 1 | BD13: 1 | BE13: 1 | BF13: 1 | BG13: 1 | BH13: 1 | BI13: 1 | BJ13: 1 | BK13: 0 | BL13: 0 | BM13: 0 | BN13: 0 | BO13: 0 | BP13: 0 | BQ13: 1 | BR13: 1 | BS13: 1 | BT13: 1 | BU13: 1 | BV13: 1 | BW13: 1 | BX13: 1 | BY13: 1 | BZ13: 1 | CK13: 1 | CL13: 1 | CM13: 1 | CN13: 1 | CO13: 1 | CP13: 1 | CQ13: 1 | CR13: 1 | CS13: 1 | CT13: 1 | CU13: 1 | CV13: 1 | CW13: 1 | CX13: 1 | CY13: 1 | CZ13: 1 | DA13: 1 | DB13: 1 | DC13: 1 | DD13: 1 | DE13: 1 | DF13: 1 | DG13: 1 | DH13: 1 | DI13: 1 | DJ13: 1 | DK13: 1 | DL13: 1 | DM13: 1 | DN13: 1 | DO13: 1 | DP13: 1 | DQ13: 1 | DR13: 1 | DS13: 1 | DT13: 1 | DU13: 1 | DV13: 1 | DW13: 1 | DX13: 1 | DY13: 1 | DZ13: 1 | EA13: 1 | EB13: 1 | EC13: 1 | ED13: 1 | EE13: 1 | EF13: 1 | EG13: 1 | EH13: 1 | EI13: 1 | EJ13: 1 | EK13: 1 | EL13: 1 | EM13: 1 | EN13: 1 | EO13: 1 | EP13: 1 | EQ13: 1 | ER13: 1 | ES13: =SUM(I13:R13) -> 8 | ET13: =SUM(S13:AB13) -> 10 | EU13: =SUM(AC13:AL13) -> 6 | EV13: =SUM(AM13:AV13) -> 10 | EW13: =SUM(BG13:BP13) -> 4 | EX13: =SUM(BG13:BP13) -> 4 | EY13: =SUM(BQ13:BZ13) -> 10 | EZ13: =SUM(CA13:CJ13) -> 0 | FA13: =SUM(CK13:CT13) -> 10 | FB13: =SUM(CU13:DD13) -> 10 | FC13: =SUM(DE13:DN13) -> 10 | FD13: =SUM(DO13:DX13) -> 10 | FE13: =SUM(DY13:EH13) -> 10 | FF13: =SUM(EI13:ER13) -> 10 | FG13: =ROW(FG11) -> 11 | FH13: =SUM(ES13:FF13) -> 112 | FI13: =SUM(I7:ER7)-SUM(ES13:FF13) -> 16 | FJ13: =SUM(FH13:FI13) -> 128
B14: =IF(ISTEXT(D14),1,0) -> 1 | C14: =ROW(D7) -> 7 | D14: MARUF MUBARAQ | F14: 15 | G14: 45915 | I14: 0 | J14: 0 | K14: 0 | L14: 0 | M14: 0 | N14: 0 | O14: 0 | P14: 0 | Q14: 0 | R14: 0 | S14: 1 | T14: 1 | U14: 1 | V14: 1 | W14: 1 | X14: 1 | Y14: 1 | Z14: 1 | AA14: 1 | AB14: 1 | AC14: 1 | AD14: 1 | AE14: 1 | AF14: 1 | AI14: 1 | AJ14: 1 | AK14: 1 | AL14: 1 | AM14: 1 | AN14: 1 | AO14: 1 | AP14: 1 | AQ14: 1 | AR14: 1 | AS14: 1 | AT14: 1 | AU14: 1 | AV14: 1 | AW14: 1 | AX14: 1 | AY14: 1 | AZ14: 1 | BA14: 1 | BB14: 1 | BC14: 1 | BD14: 1 | BE14: 1 | BF14: 1 | BG14: 1 | BH14: 1 | BI14: 1 | BJ14: 1 | BK14: 1 | BL14: 1 | BM14: 1 | BN14: 1 | BO14: 1 | BP14: 1 | BQ14: 0 | BR14: 0 | BS14: 1 | BT14: 1 | BU14: 1 | BV14: 1 | BW14: 1 | BX14: 1 | BY14: 1 | BZ14: 1 | CK14: 1 | CL14: 1 | CM14: 1 | CN14: 1 | CO14: 1 | CP14: 1 | CQ14: 1 | CR14: 1 | CS14: 1 | CT14: 1 | CU14: 1 | CV14: 1 | CW14: 1 | CX14: 1 | CY14: 1 | CZ14: 1 | DA14: 1 | DB14: 1 | DC14: 1 | DD14: 1 | DE14: 1 | DF14: 1 | DG14: 1 | DH14: 1 | DI14: 1 | DJ14: 1 | DK14: 1 | DL14: 1 | DM14: 1 | DN14: 1 | DO14: 1 | DP14: 1 | DQ14: 1 | DR14: 1 | DS14: 1 | DT14: 1 | DU14: 1 | DV14: 1 | DW14: 1 | DX14: 1 | DY14: 1 | DZ14: 1 | EA14: 1 | EB14: 1 | EC14: 1 | ED14: 1 | EE14: 1 | EF14: 1 | EG14: 1 | EH14: 1 | EI14: 1 | EJ14: 1 | EK14: 1 | EL14: 1 | EM14: 1 | EN14: 1 | EO14: 1 | EP14: 1 | EQ14: 1 | ER14: 1 | ES14: =SUM(I14:R14) -> 0 | ET14: =SUM(S14:AB14) -> 10 | EU14: =SUM(AC14:AL14) -> 8 | EV14: =SUM(AM14:AV14) -> 10 | EW14: =SUM(BG14:BP14) -> 10 | EX14: =SUM(BG14:BP14) -> 10 | EY14: =SUM(BQ14:BZ14) -> 8 | EZ14: =SUM(CA14:CJ14) -> 0 | FA14: =SUM(CK14:CT14) -> 10 | FB14: =SUM(CU14:DD14) -> 10 | FC14: =SUM(DE14:DN14) -> 10 | FD14: =SUM(DO14:DX14) -> 10 | FE14: =SUM(DY14:EH14) -> 10 | FF14: =SUM(EI14:ER14) -> 10 | FG14: =ROW(FG12) -> 12 | FH14: =SUM(ES14:FF14) -> 116 | FI14: =SUM(I7:ER7)-SUM(ES14:FF14) -> 12 | FJ14: =SUM(FH14:FI14) -> 128
B15: =IF(ISTEXT(D15),1,0) -> 1 | C15: =ROW(D8) -> 8 | D15: MICHAEL OGEHENETEGA | F15: 14 | G15: 45915 | I15: 1 | J15: 1 | K15: 1 | L15: 1 | M15: 1 | N15: 1 | O15: 1 | P15: 1 | Q15: 0 | R15: 0 | S15: 1 | T15: 1 | U15: 1 | V15: 1 | W15: 1 | X15: 1 | Y15: 1 | Z15: 1 | AA15: 1 | AB15: 1 | AC15: 1 | AD15: 1 | AE15: 1 | AF15: 1 | AI15: 1 | AJ15: 1 | AK15: 1 | AL15: 1 | AM15: 1 | AN15: 1 | AO15: 1 | AP15: 1 | AQ15: 1 | AR15: 1 | AS15: 1 | AT15: 1 | AU15: 1 | AV15: 1 | AW15: 1 | AX15: 1 | AY15: 1 | AZ15: 1 | BA15: 1 | BB15: 1 | BC15: 1 | BD15: 1 | BE15: 1 | BF15: 1 | BG15: 1 | BH15: 1 | BI15: 0 | BJ15: 0 | BK15: 0 | BL15: 0 | BM15: 0 | BN15: 0 | BO15: 0 | BP15: 0 | BQ15: 1 | BR15: 1 | BS15: 1 | BT15: 1 | BU15: 1 | BV15: 1 | BW15: 1 | BX15: 1 | BY15: 1 | BZ15: 1 | CK15: 1 | CL15: 1 | CM15: 1 | CN15: 1 | CO15: 1 | CP15: 1 | CQ15: 1 | CR15: 1 | CS15: 1 | CT15: 1 | CU15: 1 | CV15: 1 | CW15: 1 | CX15: 1 | CY15: 1 | CZ15: 1 | DA15: 1 | DB15: 1 | DC15: 1 | DD15: 1 | DE15: 1 | DF15: 1 | DG15: 1 | DH15: 1 | DI15: 1 | DJ15: 1 | DK15: 1 | DL15: 1 | DM15: 1 | DN15: 1 | DO15: 1 | DP15: 1 | DQ15: 1 | DR15: 1 | DS15: 1 | DT15: 1 | DU15: 1 | DV15: 1 | DW15: 1 | DX15: 1 | DY15: 1 | DZ15: 1 | EA15: 1 | EB15: 1 | EC15: 1 | ED15: 1 | EE15: 1 | EF15: 1 | EG15: 1 | EH15: 1 | EI15: 1 | EJ15: 1 | EK15: 1 | EL15: 1 | EM15: 1 | EN15: 1 | EO15: 1 | EP15: 1 | EQ15: 1 | ER15: 1 | ES15: =SUM(I15:R15) -> 8 | ET15: =SUM(S15:AB15) -> 10 | EU15: =SUM(AC15:AL15) -> 8 | EV15: =SUM(AM15:AV15) -> 10 | EW15: =SUM(BG15:BP15) -> 2 | EX15: =SUM(BG15:BP15) -> 2 | EY15: =SUM(BQ15:BZ15) -> 10 | EZ15: =SUM(CA15:CJ15) -> 0 | FA15: =SUM(CK15:CT15) -> 10 | FB15: =SUM(CU15:DD15) -> 10 | FC15: =SUM(DE15:DN15) -> 10 | FD15: =SUM(DO15:DX15) -> 10 | FE15: =SUM(DY15:EH15) -> 10 | FF15: =SUM(EI15:ER15) -> 10 | FG15: =ROW(FG13) -> 13 | FH15: =SUM(ES15:FF15) -> 110 | FI15: =SUM(I7:ER7)-SUM(ES15:FF15) -> 18 | FJ15: =SUM(FH15:FI15) -> 128
B16: =IF(ISTEXT(D16),1,0) -> 1 | C16: =ROW(D9) -> 9 | D16: OBADIAH ODUM PHILIP | F16: 15 | G16: 45915 | I16: 1 | J16: 1 | K16: 1 | L16: 1 | M16: 1 | N16: 1 | O16: 1 | P16: 1 | Q16: 1 | R16: 1 | S16: 1 | T16: 1 | U16: 1 | V16: 1 | W16: 1 | X16: 1 | Y16: 1 | Z16: 1 | AA16: 1 | AB16: 1 | AC16: 1 | AD16: 1 | AE16: 1 | AF16: 1 | AI16: 1 | AJ16: 1 | AK16: 1 | AL16: 1 | AM16: 1 | AN16: 1 | AO16: 1 | AP16: 1 | AQ16: 1 | AR16: 1 | AS16: 1 | AT16: 1 | AU16: 1 | AV16: 1 | AW16: 0 | AX16: 0 | AY16: 1 | AZ16: 1 | BA16: 1 | BB16: 1 | BC16: 1 | BD16: 1 | BE16: 1 | BF16: 1 | BG16: 1 | BH16: 1 | BI16: 1 | BJ16: 1 | BK16: 1 | BL16: 1 | BM16: 1 | BN16: 1 | BO16: 1 | BP16: 1 | BQ16: 1 | BR16: 1 | BS16: 1 | BT16: 1 | BU16: 1 | BV16: 1 | BW16: 0 | BX16: 0 | BY16: 0 | BZ16: 0 | CK16: 0 | CL16: 0 | CM16: 0 | CN16: 0 | CO16: 0 | CP16: 0 | CQ16: 0 | CR16: 0 | CS16: 0 | CT16: 0 | CU16: 0 | CV16: 0 | CW16: 0 | CX16: 0 | CY16: 0 | CZ16: 0 | DA16: 0 | DB16: 0 | DC16: 0 | DD16: 0 | DE16: 0 | DF16: 0 | DG16: 0 | DH16: 0 | DI16: 0 | DJ16: 0 | DK16: 0 | DL16: 0 | DM16: 0 | DN16: 0 | DO16: 0 | DP16: 0 | DQ16: 0 | DR16: 0 | DS16: 0 | DT16: 0 | DU16: 0 | DV16: 0 | DW16: 0 | DX16: 0 | DY16: 0 | DZ16: 0 | EA16: 0 | EB16: 0 | EC16: 0 | ED16: 0 | EE16: 0 | EF16: 0 | EG16: 0 | EH16: 0 | EI16: 0 | EJ16: 0 | EK16: 0 | EL16: 0 | EM16: 0 | EN16: 0 | EO16: 0 | EP16: 0 | EQ16: 0 | ER16: 0 | ES16: =SUM(I16:R16) -> 10 | ET16: =SUM(S16:AB16) -> 10 | EU16: =SUM(AC16:AL16) -> 8 | EV16: =SUM(AM16:AV16) -> 10 | EW16: =SUM(BG16:BP16) -> 10 | EX16: =SUM(BG16:BP16) -> 10 | EY16: =SUM(BQ16:BZ16) -> 6 | EZ16: =SUM(CA16:CJ16) -> 0 | FA16: =SUM(CK16:CT16) -> 0 | FB16: =SUM(CU16:DD16) -> 0 | FC16: =SUM(DE16:DN16) -> 0 | FD16: =SUM(DO16:DX16) -> 0 | FE16: =SUM(DY16:EH16) -> 0 | FF16: =SUM(EI16:ER16) -> 0 | FG16: =ROW(FG14) -> 14 | FH16: =SUM(ES16:FF16) -> 64 | FI16: =SUM(I7:ER7)-SUM(ES16:FF16) -> 64 | FJ16: =SUM(FH16:FI16) -> 128
B17: =IF(ISTEXT(D17),1,0) -> 1 | C17: =ROW(D10) -> 10 | D17: OLUMADE QAYUM | F17: 15 | G17: 45915 | I17: 0 | J17: 0 | K17: 1 | L17: 1 | M17: 1 | N17: 1 | O17: 1 | P17: 1 | Q17: 1 | R17: 1 | S17: 1 | T17: 1 | U17: 1 | V17: 1 | W17: 1 | X17: 1 | Y17: 1 | Z17: 1 | AA17: 0 | AB17: 0 | AC17: 1 | AD17: 1 | AE17: 1 | AF17: 1 | AI17: 1 | AJ17: 1 | AK17: 0 | AL17: 0 | AM17: 1 | AN17: 1 | AO17: 1 | AP17: 1 | AQ17: 1 | AR17: 1 | AS17: 1 | AT17: 1 | AU17: 1 | AV17: 1 | AW17: 1 | AX17: 1 | AY17: 1 | AZ17: 1 | BA17: 1 | BB17: 1 | BC17: 1 | BD17: 1 | BE17: 1 | BF17: 1 | BG17: 1 | BH17: 1 | BI17: 1 | BJ17: 1 | BK17: 1 | BL17: 1 | BM17: 1 | BN17: 1 | BO17: 1 | BP17: 1 | BQ17: 1 | BR17: 1 | BS17: 1 | BT17: 1 | BU17: 1 | BV17: 1 | BW17: 0 | BX17: 0 | BY17: 0 | BZ17: 0 | CK17: 0 | CL17: 0 | CM17: 0 | CN17: 0 | CO17: 0 | CP17: 0 | CQ17: 0 | CR17: 0 | CS17: 0 | CT17: 0 | CU17: 0 | CV17: 0 | CW17: 0 | CX17: 0 | CY17: 0 | CZ17: 0 | DA17: 0 | DB17: 0 | DC17: 0 | DD17: 0 | DE17: 0 | DF17: 0 | DG17: 0 | DH17: 0 | DI17: 0 | DJ17: 0 | DK17: 0 | DL17: 0 | DM17: 0 | DN17: 0 | DO17: 1 | DP17: 1 | DQ17: 1 | DR17: 1 | DS17: 1 | DT17: 1 | DU17: 1 | DV17: 1 | DW17: 1 | DX17: 1 | DY17: 1 | DZ17: 1 | EA17: 1 | EB17: 1 | EC17: 1 | ED17: 1 | EE17: 1 | EF17: 1 | EG17: 1 | EH17: 1 | EI17: 1 | EJ17: 1 | EK17: 1 | EL17: 1 | EM17: 1 | EN17: 1 | EO17: 1 | EP17: 1 | EQ17: 1 | ER17: 1 | ES17: =SUM(I17:R17) -> 8 | ET17: =SUM(S17:AB17) -> 8 | EU17: =SUM(AC17:AL17) -> 6 | EV17: =SUM(AM17:AV17) -> 10 | EW17: =SUM(BG17:BP17) -> 10 | EX17: =SUM(BG17:BP17) -> 10 | EY17: =SUM(BQ17:BZ17) -> 6 | EZ17: =SUM(CA17:CJ17) -> 0 | FA17: =SUM(CK17:CT17) -> 0 | FB17: =SUM(CU17:DD17) -> 0 | FC17: =SUM(DE17:DN17) -> 0 | FD17: =SUM(DO17:DX17) -> 10 | FE17: =SUM(DY17:EH17) -> 10 | FF17: =SUM(EI17:ER17) -> 10 | FG17: =ROW(FG15) -> 15 | FH17: =SUM(ES17:FF17) -> 88 | FI17: =SUM(I7:ER7)-SUM(ES17:FF17) -> 40 | FJ17: =SUM(FH17:FI17) -> 128
B18: =IF(ISTEXT(D18),1,0) -> 1 | C18: =ROW(D11) -> 11 | D18: OGUNDGI AHMOD | F18: 16 | G18: 45915 | I18: 0 | J18: 0 | K18: 0 | L18: 0 | M18: 0 | N18: 0 | O18: 0 | P18: 0 | Q18: 0 | R18: 0 | S18: 1 | T18: 1 | U18: 1 | V18: 1 | W18: 1 | X18: 1 | Y18: 1 | Z18: 1 | AA18: 1 | AB18: 1 | AC18: 1 | AD18: 1 | AE18: 1 | AF18: 1 | AI18: 1 | AJ18: 1 | AK18: 1 | AL18: 1 | AM18: 0 | AN18: 0 | AO18: 1 | AP18: 1 | AQ18: 1 | AR18: 1 | AS18: 1 | AT18: 1 | AU18: 1 | AV18: 1 | AW18: 1 | AX18: 1 | AY18: 1 | AZ18: 1 | BA18: 1 | BB18: 1 | BC18: 1 | BD18: 1 | BE18: 1 | BF18: 1 | BG18: 1 | BH18: 1 | BI18: 1 | BJ18: 1 | BK18: 0 | BL18: 0 | BM18: 1 | BN18: 1 | BO18: 1 | BP18: 1 | BQ18: 1 | BR18: 1 | BS18: 1 | BT18: 1 | BU18: 1 | BV18: 1 | BW18: 1 | BX18: 1 | BY18: 1 | BZ18: 1 | CK18: 1 | CL18: 1 | CM18: 1 | CN18: 1 | CO18: 1 | CP18: 1 | CQ18: 1 | CR18: 1 | CS18: 1 | CT18: 1 | CU18: 1 | CV18: 1 | CW18: 1 | CX18: 1 | CY18: 1 | CZ18: 1 | DA18: 1 | DB18: 1 | DC18: 1 | DD18: 1 | DE18: 1 | DF18: 1 | DG18: 1 | DH18: 1 | DI18: 1 | DJ18: 1 | DK18: 1 | DL18: 1 | DM18: 1 | DN18: 1 | DO18: 1 | DP18: 1 | DQ18: 1 | DR18: 1 | DS18: 1 | DT18: 1 | DU18: 1 | DV18: 1 | DW18: 1 | DX18: 1 | DY18: 1 | DZ18: 1 | EA18: 1 | EB18: 1 | EC18: 1 | ED18: 1 | EE18: 1 | EF18: 1 | EG18: 1 | EH18: 1 | EI18: 1 | EJ18: 1 | EK18: 1 | EL18: 1 | EM18: 1 | EN18: 1 | EO18: 1 | EP18: 1 | EQ18: 1 | ER18: 1 | ES18: =SUM(I18:R18) -> 0 | ET18: =SUM(S18:AB18) -> 10 | EU18: =SUM(AC18:AL18) -> 8 | EV18: =SUM(AM18:AV18) -> 8 | EW18: =SUM(BG18:BP18) -> 8 | EX18: =SUM(BG18:BP18) -> 8 | EY18: =SUM(BQ18:BZ18) -> 10 | EZ18: =SUM(CA18:CJ18) -> 0 | FA18: =SUM(CK18:CT18) -> 10 | FB18: =SUM(CU18:DD18) -> 10 | FC18: =SUM(DE18:DN18) -> 10 | FD18: =SUM(DO18:DX18) -> 10 | FE18: =SUM(DY18:EH18) -> 10 | FF18: =SUM(EI18:ER18) -> 10 | FG18: =ROW(FG16) -> 16 | FH18: =SUM(ES18:FF18) -> 112 | FI18: =SUM(I7:ER7)-SUM(ES18:FF18) -> 16 | FJ18: =SUM(FH18:FI18) -> 128
B19: =IF(ISTEXT(D19),1,0) -> 1 | C19: =ROW(D12) -> 12 | D19: OJO FAWAS | F19: 15 | G19: 45915 | I19: 0 | J19: 0 | K19: 0 | L19: 0 | M19: 0 | N19: 0 | O19: 0 | P19: 0 | Q19: 0 | R19: 0 | S19: 1 | T19: 1 | U19: 1 | V19: 1 | W19: 1 | X19: 1 | Y19: 1 | Z19: 1 | AA19: 1 | AB19: 1 | AC19: 1 | AD19: 1 | AE19: 1 | AF19: 1 | AI19: 1 | AJ19: 1 | AK19: 0 | AL19: 0 | AM19: 1 | AN19: 1 | AO19: 1 | AP19: 1 | AQ19: 1 | AR19: 1 | AS19: 1 | AT19: 1 | AU19: 1 | AV19: 1 | AW19: 1 | AX19: 1 | AY19: 1 | AZ19: 1 | BA19: 1 | BB19: 1 | BC19: 1 | BD19: 1 | BE19: 1 | BF19: 1 | BG19: 1 | BH19: 1 | BI19: 1 | BJ19: 1 | BK19: 1 | BL19: 1 | BM19: 1 | BN19: 1 | BO19: 1 | BP19: 1 | BQ19: 1 | BR19: 1 | BS19: 1 | BT19: 1 | BU19: 1 | BV19: 1 | BW19: 1 | BX19: 1 | BY19: 0 | BZ19: 0 | CK19: 1 | CL19: 1 | CM19: 1 | CN19: 1 | CO19: 0 | CP19: 0 | CQ19: 1 | CR19: 1 | CS19: 1 | CT19: 1 | CU19: 1 | CV19: 1 | CW19: 1 | CX19: 1 | CY19: 1 | CZ19: 1 | DA19: 1 | DB19: 1 | DC19: 1 | DD19: 1 | DE19: 1 | DF19: 1 | DG19: 1 | DH19: 1 | DI19: 1 | DJ19: 1 | DK19: 1 | DL19: 1 | DM19: 1 | DN19: 1 | DO19: 1 | DP19: 1 | DQ19: 1 | DR19: 1 | DS19: 1 | DT19: 1 | DU19: 1 | DV19: 1 | DW19: 1 | DX19: 1 | DY19: 1 | DZ19: 1 | EA19: 1 | EB19: 1 | EC19: 1 | ED19: 1 | EE19: 1 | EF19: 1 | EG19: 1 | EH19: 1 | EI19: 1 | EJ19: 1 | EK19: 1 | EL19: 1 | EM19: 1 | EN19: 1 | EO19: 1 | EP19: 1 | EQ19: 1 | ER19: 1 | ES19: =SUM(I19:R19) -> 0 | ET19: =SUM(S19:AB19) -> 10 | EU19: =SUM(AC19:AL19) -> 6 | EV19: =SUM(AM19:AV19) -> 10 | EW19: =SUM(BG19:BP19) -> 10 | EX19: =SUM(BG19:BP19) -> 10 | EY19: =SUM(BQ19:BZ19) -> 8 | EZ19: =SUM(CA19:CJ19) -> 0 | FA19: =SUM(CK19:CT19) -> 8 | FB19: =SUM(CU19:DD19) -> 10 | FC19: =SUM(DE19:DN19) -> 10 | FD19: =SUM(DO19:DX19) -> 10 | FE19: =SUM(DY19:EH19) -> 10 | FF19: =SUM(EI19:ER19) -> 10 | FG19: =ROW(FG17) -> 17 | FH19: =SUM(ES19:FF19) -> 112 | FI19: =SUM(I7:ER7)-SUM(ES19:FF19) -> 16 | FJ19: =SUM(FH19:FI19) -> 128
B20: =IF(ISTEXT(D20),1,0) -> 1 | C20: =ROW(D13) -> 13 | D20: OWOLABI AKOREDE | F20: 15 | G20: 45915 | I20: 1 | J20: 1 | K20: 1 | L20: 1 | M20: 1 | N20: 1 | O20: 1 | P20: 1 | Q20: 1 | R20: 1 | S20: 1 | T20: 1 | U20: 1 | V20: 1 | W20: 1 | X20: 1 | Y20: 1 | Z20: 1 | AA20: 1 | AB20: 1 | AC20: 1 | AD20: 1 | AE20: 1 | AF20: 1 | AI20: 1 | AJ20: 1 | AK20: 1 | AL20: 1 | AM20: 1 | AN20: 1 | AO20: 1 | AP20: 1 | AQ20: 1 | AR20: 1 | AS20: 1 | AT20: 1 | AU20: 1 | AV20: 1 | AW20: 1 | AX20: 1 | AY20: 1 | AZ20: 1 | BA20: 1 | BB20: 1 | BC20: 1 | BD20: 1 | BE20: 1 | BF20: 1 | BG20: 1 | BH20: 1 | BI20: 1 | BJ20: 1 | BK20: 1 | BL20: 1 | BM20: 1 | BN20: 1 | BO20: 1 | BP20: 1 | BQ20: 1 | BR20: 1 | BS20: 1 | BT20: 1 | BU20: 1 | BV20: 1 | BW20: 1 | BX20: 1 | BY20: 1 | BZ20: 1 | CK20: 1 | CL20: 1 | CM20: 1 | CN20: 1 | CO20: 1 | CP20: 1 | CQ20: 1 | CR20: 1 | CS20: 1 | CT20: 1 | CU20: 1 | CV20: 1 | CW20: 1 | CX20: 1 | CY20: 1 | CZ20: 1 | DA20: 1 | DB20: 1 | DC20: 1 | DD20: 1 | DE20: 1 | DF20: 1 | DG20: 1 | DH20: 1 | DI20: 1 | DJ20: 1 | DK20: 1 | DL20: 1 | DM20: 1 | DN20: 1 | DO20: 1 | DP20: 1 | DQ20: 1 | DR20: 1 | DS20: 1 | DT20: 1 | DU20: 1 | DV20: 1 | DW20: 1 | DX20: 1 | DY20: 1 | DZ20: 1 | EA20: 1 | EB20: 1 | EC20: 1 | ED20: 1 | EE20: 1 | EF20: 1 | EG20: 1 | EH20: 1 | EI20: 1 | EJ20: 1 | EK20: 1 | EL20: 1 | EM20: 1 | EN20: 1 | EO20: 1 | EP20: 1 | EQ20: 1 | ER20: 1 | ES20: =SUM(I20:R20) -> 10 | ET20: =SUM(S20:AB20) -> 10 | EU20: =SUM(AC20:AL20) -> 8 | EV20: =SUM(AM20:AV20) -> 10 | EW20: =SUM(BG20:BP20) -> 10 | EX20: =SUM(BG20:BP20) -> 10 | EY20: =SUM(BQ20:BZ20) -> 10 | EZ20: =SUM(CA20:CJ20) -> 0 | FA20: =SUM(CK20:CT20) -> 10 | FB20: =SUM(CU20:DD20) -> 10 | FC20: =SUM(DE20:DN20) -> 10 | FD20: =SUM(DO20:DX20) -> 10 | FE20: =SUM(DY20:EH20) -> 10 | FF20: =SUM(EI20:ER20) -> 10 | FG20: =ROW(FG18) -> 18 | FH20: =SUM(ES20:FF20) -> 128 | FI20: =SUM(I7:ER7)-SUM(ES20:FF20) -> 0 | FJ20: =SUM(FH20:FI20) -> 128
B21: =IF(ISTEXT(D21),1,0) -> 1 | C21: =ROW(D14) -> 14 | D21: ODUNFARASIN EMMANUEL | F21: 15 | G21: 45915 | I21: 0 | J21: 0 | K21: 0 | L21: 0 | M21: 0 | N21: 0 | O21: 0 | P21: 0 | Q21: 0 | R21: 0 | S21: 0 | T21: 0 | U21: 0 | V21: 0 | W21: 0 | X21: 0 | Y21: 0 | Z21: 0 | AA21: 0 | AB21: 0 | AC21: 1 | AD21: 1 | AE21: 1 | AF21: 1 | AI21: 1 | AJ21: 1 | AK21: 1 | AL21: 1 | AM21: 1 | AN21: 1 | AO21: 1 | AP21: 1 | AQ21: 1 | AR21: 1 | AS21: 1 | AT21: 1 | AU21: 1 | AV21: 1 | AW21: 1 | AX21: 1 | AY21: 1 | AZ21: 1 | BA21: 1 | BB21: 1 | BC21: 1 | BD21: 1 | BE21: 1 | BF21: 1 | BG21: 1 | BH21: 1 | BI21: 1 | BJ21: 1 | BK21: 0 | BL21: 0 | BM21: 1 | BN21: 1 | BO21: 1 | BP21: 1 | BQ21: 1 | BR21: 1 | BS21: 1 | BT21: 1 | BU21: 1 | BV21: 1 | BW21: 1 | BX21: 1 | BY21: 1 | BZ21: 1 | CK21: 1 | CL21: 1 | CM21: 1 | CN21: 1 | CO21: 1 | CP21: 1 | CQ21: 1 | CR21: 1 | CS21: 1 | CT21: 1 | CU21: 1 | CV21: 1 | CW21: 1 | CX21: 1 | CY21: 1 | CZ21: 1 | DA21: 1 | DB21: 1 | DC21: 1 | DD21: 1 | DE21: 1 | DF21: 1 | DG21: 1 | DH21: 1 | DI21: 1 | DJ21: 1 | DK21: 1 | DL21: 1 | DM21: 1 | DN21: 1 | DO21: 1 | DP21: 1 | DQ21: 1 | DR21: 1 | DS21: 1 | DT21: 1 | DU21: 1 | DV21: 1 | DW21: 1 | DX21: 1 | DY21: 1 | DZ21: 1 | EA21: 1 | EB21: 1 | EC21: 1 | ED21: 1 | EE21: 1 | EF21: 1 | EG21: 1 | EH21: 1 | EI21: 1 | EJ21: 1 | EK21: 1 | EL21: 1 | EM21: 1 | EN21: 1 | EO21: 1 | EP21: 1 | EQ21: 1 | ER21: 1 | ES21: =SUM(I21:R21) -> 0 | ET21: =SUM(S21:AB21) -> 0 | EU21: =SUM(AC21:AL21) -> 8 | EV21: =SUM(AM21:AV21) -> 10 | EW21: =SUM(BG21:BP21) -> 8 | EX21: =SUM(BG21:BP21) -> 8 | EY21: =SUM(BQ21:BZ21) -> 10 | EZ21: =SUM(CA21:CJ21) -> 0 | FA21: =SUM(CK21:CT21) -> 10 | FB21: =SUM(CU21:DD21) -> 10 | FC21: =SUM(DE21:DN21) -> 10 | FD21: =SUM(DO21:DX21) -> 10 | FE21: =SUM(DY21:EH21) -> 10 | FF21: =SUM(EI21:ER21) -> 10 | FG21: =ROW(FG19) -> 19 | FH21: =SUM(ES21:FF21) -> 104 | FI21: =SUM(I7:ER7)-SUM(ES21:FF21) -> 24 | FJ21: =SUM(FH21:FI21) -> 128
B22: =IF(ISTEXT(D22),1,0) -> 1 | C22: =ROW(D15) -> 15 | D22: UKPAI EMMAANUEL | F22: 14 | G22: 45915 | I22: 1 | J22: 1 | K22: 1 | L22: 1 | M22: 1 | N22: 1 | O22: 1 | P22: 1 | Q22: 1 | R22: 1 | S22: 1 | T22: 1 | U22: 1 | V22: 1 | W22: 1 | X22: 1 | Y22: 1 | Z22: 1 | AA22: 1 | AB22: 1 | AC22: 1 | AD22: 1 | AE22: 1 | AF22: 1 | AI22: 1 | AJ22: 1 | AK22: 1 | AL22: 1 | AM22: 1 | AN22: 1 | AO22: 1 | AP22: 1 | AQ22: 1 | AR22: 1 | AS22: 1 | AT22: 1 | AU22: 1 | AV22: 1 | AW22: 1 | AX22: 1 | AY22: 1 | AZ22: 1 | BA22: 1 | BB22: 1 | BC22: 1 | BD22: 1 | BE22: 1 | BF22: 1 | BG22: 1 | BH22: 1 | BI22: 1 | BJ22: 1 | BK22: 1 | BL22: 1 | BM22: 1 | BN22: 1 | BO22: 1 | BP22: 1 | BQ22: 1 | BR22: 1 | BS22: 1 | BT22: 1 | BU22: 1 | BV22: 1 | BW22: 1 | BX22: 1 | BY22: 1 | BZ22: 1 | CK22: 1 | CL22: 1 | CM22: 1 | CN22: 1 | CO22: 1 | CP22: 1 | CQ22: 1 | CR22: 1 | CS22: 1 | CT22: 1 | CU22: 1 | CV22: 1 | CW22: 1 | CX22: 1 | CY22: 1 | CZ22: 1 | DA22: 1 | DB22: 1 | DC22: 1 | DD22: 1 | DE22: 1 | DF22: 1 | DG22: 1 | DH22: 1 | DI22: 1 | DJ22: 1 | DK22: 1 | DL22: 1 | DM22: 1 | DN22: 1 | DO22: 1 | DP22: 1 | DQ22: 1 | DR22: 1 | DS22: 1 | DT22: 1 | DU22: 1 | DV22: 1 | DW22: 1 | DX22: 1 | DY22: 1 | DZ22: 1 | EA22: 1 | EB22: 1 | EC22: 1 | ED22: 1 | EE22: 1 | EF22: 1 | EG22: 1 | EH22: 1 | EI22: 1 | EJ22: 1 | EK22: 1 | EL22: 1 | EM22: 1 | EN22: 1 | EO22: 1 | EP22: 1 | EQ22: 1 | ER22: 1 | ES22: =SUM(I22:R22) -> 10 | ET22: =SUM(S22:AB22) -> 10 | EU22: =SUM(AC22:AL22) -> 8 | EV22: =SUM(AM22:AV22) -> 10 | EW22: =SUM(BG22:BP22) -> 10 | EX22: =SUM(BG22:BP22) -> 10 | EY22: =SUM(BQ22:BZ22) -> 10 | EZ22: =SUM(CA22:CJ22) -> 0 | FA22: =SUM(CK22:CT22) -> 10 | FB22: =SUM(CU22:DD22) -> 10 | FC22: =SUM(DE22:DN22) -> 10 | FD22: =SUM(DO22:DX22) -> 10 | FE22: =SUM(DY22:EH22) -> 10 | FF22: =SUM(EI22:ER22) -> 10 | FG22: =ROW(FG20) -> 20 | FH22: =SUM(ES22:FF22) -> 128 | FI22: =SUM(I7:ER7)-SUM(ES22:FF22) -> 0 | FJ22: =SUM(FH22:FI22) -> 128
B23: =IF(ISTEXT(D23),1,0) -> 1 | C23: =ROW(D16) -> 16 | D23: ADETUNJI TAJUDEEN AYO | F23: 16 | G23: 45915 | I23: 1 | J23: 1 | K23: 1 | L23: 1 | M23: 1 | N23: 1 | O23: 1 | P23: 1 | Q23: 1 | R23: 1 | S23: 1 | T23: 1 | U23: 1 | V23: 1 | W23: 1 | X23: 1 | Y23: 1 | Z23: 1 | AA23: 1 | AB23: 1 | AC23: 1 | AD23: 1 | AE23: 1 | AF23: 1 | AI23: 1 | AJ23: 1 | AK23: 0 | AL23: 0 | AM23: 1 | AN23: 1 | AO23: 1 | AP23: 1 | AQ23: 1 | AR23: 1 | AS23: 1 | AT23: 1 | AU23: 0 | AV23: 0 | AW23: 1 | AX23: 1 | AY23: 1 | AZ23: 1 | BA23: 1 | BB23: 1 | BC23: 1 | BD23: 1 | BE23: 1 | BF23: 1 | BG23: 1 | BH23: 1 | BI23: 1 | BJ23: 1 | BK23: 0 | BL23: 0 | BM23: 1 | BN23: 1 | BO23: 0 | BP23: 0 | BQ23: 1 | BR23: 1 | BS23: 1 | BT23: 1 | BU23: 0 | BV23: 0 | BW23: 1 | BX23: 1 | BY23: 1 | BZ23: 1 | CK23: 1 | CL23: 1 | CM23: 1 | CN23: 1 | CO23: 1 | CP23: 1 | CQ23: 1 | CR23: 1 | CS23: 1 | CT23: 1 | CU23: 1 | CV23: 1 | CW23: 1 | CX23: 1 | CY23: 1 | CZ23: 1 | DA23: 1 | DB23: 1 | DC23: 1 | DD23: 1 | DE23: 1 | DF23: 1 | DG23: 1 | DH23: 1 | DI23: 1 | DJ23: 1 | DK23: 1 | DL23: 1 | DM23: 1 | DN23: 1 | DO23: 1 | DP23: 1 | DQ23: 1 | DR23: 1 | DS23: 1 | DT23: 1 | DU23: 1 | DV23: 1 | DW23: 1 | DX23: 1 | DY23: 1 | DZ23: 1 | EA23: 1 | EB23: 1 | EC23: 1 | ED23: 1 | EE23: 1 | EF23: 1 | EG23: 1 | EH23: 1 | EI23: 1 | EJ23: 1 | EK23: 1 | EL23: 1 | EM23: 1 | EN23: 1 | EO23: 1 | EP23: 1 | EQ23: 1 | ER23: 1 | ES23: =SUM(I23:R23) -> 10 | ET23: =SUM(S23:AB23) -> 10 | EU23: =SUM(AC23:AL23) -> 6 | EV23: =SUM(AM23:AV23) -> 8 | EW23: =SUM(BG23:BP23) -> 6 | EX23: =SUM(BG23:BP23) -> 6 | EY23: =SUM(BQ23:BZ23) -> 8 | EZ23: =SUM(CA23:CJ23) -> 0 | FA23: =SUM(CK23:CT23) -> 10 | FB23: =SUM(CU23:DD23) -> 10 | FC23: =SUM(DE23:DN23) -> 10 | FD23: =SUM(DO23:DX23) -> 10 | FE23: =SUM(DY23:EH23) -> 10 | FF23: =SUM(EI23:ER23) -> 10 | FG23: =ROW(FG21) -> 21 | FH23: =SUM(ES23:FF23) -> 114 | FI23: =SUM(I7:ER7)-SUM(ES23:FF23) -> 14 | FJ23: =SUM(FH23:FI23) -> 128
B24: =IF(ISTEXT(D24),1,0) -> 1 | C24: =ROW(D17) -> 17 | D24: ELEWURO IDRIS AYODELE | F24: 17 | G24: 45915 | I24: 0 | J24: 0 | K24: 0 | L24: 0 | M24: 0 | N24: 0 | O24: 0 | P24: 0 | Q24: 0 | R24: 0 | S24: 0 | T24: 0 | U24: 0 | V24: 0 | W24: 0 | X24: 0 | Y24: 0 | Z24: 0 | AA24: 0 | AB24: 0 | AC24: 0 | AD24: 0 | AE24: 0 | AF24: 0 | AI24: 1 | AJ24: 1 | AK24: 1 | AL24: 1 | AM24: 1 | AN24: 1 | AO24: 1 | AP24: 1 | AQ24: 1 | AR24: 1 | AS24: 1 | AT24: 1 | AU24: 1 | AV24: 1 | AW24: 1 | AX24: 1 | AY24: 1 | AZ24: 1 | BA24: 1 | BB24: 1 | BC24: 1 | BD24: 1 | BE24: 1 | BF24: 1 | BG24: 1 | BH24: 1 | BI24: 1 | BJ24: 1 | BK24: 1 | BL24: 1 | BM24: 1 | BN24: 1 | BO24: 0 | BP24: 0 | BQ24: 1 | BR24: 1 | BS24: 1 | BT24: 1 | BU24: 1 | BV24: 1 | BW24: 1 | BX24: 1 | BY24: 1 | BZ24: 1 | CK24: 1 | CL24: 1 | CM24: 1 | CN24: 1 | CO24: 0 | CP24: 0 | CQ24: 1 | CR24: 1 | CS24: 0 | CT24: 0 | CU24: 1 | CV24: 1 | CW24: 0 | CX24: 0 | CY24: 0 | CZ24: 0 | DA24: 1 | DB24: 1 | DC24: 1 | DD24: 1 | DE24: 1 | DF24: 1 | DG24: 1 | DH24: 1 | DI24: 1 | DJ24: 1 | DK24: 1 | DL24: 1 | DM24: 1 | DN24: 1 | DO24: 1 | DP24: 1 | DQ24: 1 | DR24: 1 | DS24: 1 | DT24: 1 | DU24: 1 | DV24: 1 | DW24: 1 | DX24: 1 | DY24: 1 | DZ24: 1 | EA24: 1 | EB24: 1 | EC24: 1 | ED24: 1 | EE24: 1 | EF24: 1 | EG24: 1 | EH24: 1 | EI24: 1 | EJ24: 1 | EK24: 1 | EL24: 1 | EM24: 1 | EN24: 1 | EO24: 1 | EP24: 1 | EQ24: 1 | ER24: 1 | ES24: =SUM(I24:R24) -> 0 | ET24: =SUM(S24:AB24) -> 0 | EU24: =SUM(AC24:AL24) -> 4 | EV24: =SUM(AM24:AV24) -> 10 | EW24: =SUM(BG24:BP24) -> 8 | EX24: =SUM(BG24:BP24) -> 8 | EY24: =SUM(BQ24:BZ24) -> 10 | EZ24: =SUM(CA24:CJ24) -> 0 | FA24: =SUM(CK24:CT24) -> 6 | FB24: =SUM(CU24:DD24) -> 6 | FC24: =SUM(DE24:DN24) -> 10 | FD24: =SUM(DO24:DX24) -> 10 | FE24: =SUM(DY24:EH24) -> 10 | FF24: =SUM(EI24:ER24) -> 10 | FG24: =ROW(FG22) -> 22 | FH24: =SUM(ES24:FF24) -> 92 | FI24: =SUM(I7:ER7)-SUM(ES24:FF24) -> 36 | FJ24: =SUM(FH24:FI24) -> 128
B25: =IF(ISTEXT(D25),1,0) -> 1 | C25: =ROW(D18) -> 18 | D25: GANIU ADAM OPEYEMI | F25: 17 | G25: 45915 | I25: 0 | J25: 0 | K25: 0 | L25: 0 | M25: 0 | N25: 0 | O25: 0 | P25: 0 | Q25: 0 | R25: 0 | S25: 0 | T25: 0 | U25: 0 | V25: 0 | W25: 0 | X25: 0 | Y25: 0 | Z25: 0 | AA25: 0 | AB25: 0 | AC25: 0 | AD25: 0 | AE25: 0 | AF25: 0 | AI25: 0 | AJ25: 0 | AK25: 0 | AL25: 0 | AM25: 0 | AN25: 0 | AO25: 0 | AP25: 0 | AQ25: 1 | AR25: 1 | AS25: 1 | AT25: 1 | AU25: 1 | AV25: 1 | AW25: 1 | AX25: 1 | AY25: 1 | AZ25: 1 | BA25: 1 | BB25: 1 | BC25: 0 | BD25: 0 | BE25: 0 | BF25: 0 | BG25: 1 | BH25: 1 | BI25: 1 | BJ25: 1 | BK25: 1 | BL25: 1 | BM25: 1 | BN25: 1 | BO25: 1 | BP25: 1 | BQ25: 1 | BR25: 1 | BS25: 1 | BT25: 1 | BU25: 1 | BV25: 1 | BW25: 1 | BX25: 1 | BY25: 0 | BZ25: 0 | CK25: 1 | CL25: 1 | CM25: 1 | CN25: 1 | CO25: 1 | CP25: 1 | CQ25: 1 | CR25: 1 | CS25: 1 | CT25: 1 | CU25: 1 | CV25: 1 | CW25: 1 | CX25: 1 | CY25: 1 | CZ25: 1 | DA25: 1 | DB25: 1 | DC25: 1 | DD25: 1 | DE25: 1 | DF25: 1 | DG25: 1 | DH25: 1 | DI25: 1 | DJ25: 1 | DK25: 1 | DL25: 1 | DM25: 1 | DN25: 1 | DO25: 1 | DP25: 1 | DQ25: 1 | DR25: 1 | DS25: 1 | DT25: 1 | DU25: 1 | DV25: 1 | DW25: 1 | DX25: 1 | DY25: 1 | DZ25: 1 | EA25: 1 | EB25: 1 | EC25: 1 | ED25: 1 | EE25: 1 | EF25: 1 | EG25: 1 | EH25: 1 | EI25: 1 | EJ25: 1 | EK25: 1 | EL25: 1 | EM25: 1 | EN25: 1 | EO25: 1 | EP25: 1 | EQ25: 1 | ER25: 1 | ES25: =SUM(I25:R25) -> 0 | ET25: =SUM(S25:AB25) -> 0 | EU25: =SUM(AC25:AL25) -> 0 | EV25: =SUM(AM25:AV25) -> 6 | EW25: =SUM(BG25:BP25) -> 10 | EX25: =SUM(BG25:BP25) -> 10 | EY25: =SUM(BQ25:BZ25) -> 8 | EZ25: =SUM(CA25:CJ25) -> 0 | FA25: =SUM(CK25:CT25) -> 10 | FB25: =SUM(CU25:DD25) -> 10 | FC25: =SUM(DE25:DN25) -> 10 | FD25: =SUM(DO25:DX25) -> 10 | FE25: =SUM(DY25:EH25) -> 10 | FF25: =SUM(EI25:ER25) -> 10 | FG25: =ROW(FG23) -> 23 | FH25: =SUM(ES25:FF25) -> 94 | FI25: =SUM(I7:ER7)-SUM(ES25:FF25) -> 34 | FJ25: =SUM(FH25:FI25) -> 128
B26: =IF(ISTEXT(D26),1,0) -> 1 | C26: =ROW(D19) -> 19 | D26: IKOMI EMMANUEL | F26: 17 | G26: 45915 | I26: 0 | J26: 0 | K26: 0 | L26: 0 | M26: 0 | N26: 0 | O26: 0 | P26: 0 | Q26: 0 | R26: 0 | S26: 0 | T26: 0 | U26: 0 | V26: 0 | W26: 0 | X26: 0 | Y26: 0 | Z26: 0 | AA26: 0 | AB26: 0 | AC26: 0 | AD26: 0 | AE26: 0 | AF26: 0 | AI26: 0 | AJ26: 0 | AK26: 0 | AL26: 0 | AM26: 0 | AN26: 0 | AO26: 0 | AP26: 0 | AQ26: 0 | AR26: 0 | AS26: 0 | AT26: 0 | AU26: 0 | AV26: 0 | AW26: 0 | AX26: 0 | AY26: 0 | AZ26: 0 | BA26: 0 | BB26: 0 | BC26: 0 | BD26: 0 | BE26: 0 | BF26: 0 | BG26: 0 | BH26: 0 | BI26: 1 | BJ26: 1 | BK26: 1 | BL26: 1 | BM26: 1 | BN26: 1 | BO26: 1 | BP26: 1 | BQ26: 1 | BR26: 1 | BS26: 1 | BT26: 1 | BU26: 1 | BV26: 1 | BW26: 1 | BX26: 1 | BY26: 1 | BZ26: 1 | CK26: 1 | CL26: 1 | CM26: 1 | CN26: 1 | CO26: 1 | CP26: 1 | CQ26: 1 | CR26: 1 | CS26: 0 | CT26: 0 | CU26: 0 | CV26: 0 | CW26: 0 | CX26: 0 | CY26: 0 | CZ26: 0 | DA26: 0 | DB26: 0 | DC26: 0 | DD26: 0 | DE26: 0 | DF26: 0 | DG26: 0 | DH26: 0 | DI26: 0 | DJ26: 0 | DK26: 0 | DL26: 0 | DM26: 0 | DN26: 0 | DO26: 0 | DP26: 0 | DQ26: 0 | DR26: 0 | DS26: 0 | DT26: 0 | DU26: 0 | DV26: 0 | DW26: 0 | DX26: 0 | DY26: 0 | DZ26: 0 | EA26: 0 | EB26: 0 | EC26: 0 | ED26: 0 | EE26: 0 | EF26: 0 | EG26: 0 | EH26: 0 | EI26: 0 | EJ26: 0 | EK26: 0 | EL26: 0 | EM26: 0 | EN26: 0 | EO26: 0 | EP26: 0 | EQ26: 0 | ER26: 0 | ES26: =SUM(I26:R26) -> 0 | ET26: =SUM(S26:AB26) -> 0 | EU26: =SUM(AC26:AL26) -> 0 | EV26: =SUM(AM26:AV26) -> 0 | EW26: =SUM(BG26:BP26) -> 8 | EX26: =SUM(BG26:BP26) -> 8 | EY26: =SUM(BQ26:BZ26) -> 10 | EZ26: =SUM(CA26:CJ26) -> 0 | FA26: =SUM(CK26:CT26) -> 8 | FB26: =SUM(CU26:DD26) -> 0 | FC26: =SUM(DE26:DN26) -> 0 | FD26: =SUM(DO26:DX26) -> 0 | FE26: =SUM(DY26:EH26) -> 0 | FF26: =SUM(EI26:ER26) -> 0 | FG26: =ROW(FG24) -> 24 | FH26: =SUM(ES26:FF26) -> 34 | FI26: =SUM(I7:ER7)-SUM(ES26:FF26) -> 94 | FJ26: =SUM(FH26:FI26) -> 128
B27: =IF(ISTEXT(D27),1,0) -> 0 | C27: =ROW(D20) -> 20 | G27: 45915 | ES27: =SUM(I27:R27) -> 0 | ET27: =SUM(S27:AB27) -> 0 | EU27: =SUM(AC27:AL27) -> 0 | EV27: =SUM(AM27:AV27) -> 0 | EW27: =SUM(BG27:BP27) -> 0 | EX27: =SUM(BG27:BP27) -> 0 | EY27: =SUM(BQ27:BZ27) -> 0 | EZ27: =SUM(CA27:CJ27) -> 0 | FA27: =SUM(CK27:CT27) -> 0 | FB27: =SUM(CU27:DD27) -> 0 | FC27: =SUM(DE27:DN27) -> 0 | FD27: =SUM(DO27:DX27) -> 0 | FE27: =SUM(DY27:EH27) -> 0 | FF27: =SUM(EI27:ER27) -> 0 | FG27: =ROW(FG25) -> 25 | FH27: =SUM(ES27:FF27) -> 0 | FI27: =SUM(I7:ER7)-SUM(ES27:FF27) -> 128 | FJ27: =SUM(FH27:FI27) -> 128
B28: =IF(ISTEXT(D28),1,0) -> 0 | C28: =ROW(D21) -> 21 | G28: 45915 | ES28: =SUM(I28:R28) -> 0 | ET28: =SUM(S28:AB28) -> 0 | EU28: =SUM(AC28:AL28) -> 0 | EV28: =SUM(AM28:AV28) -> 0 | EW28: =SUM(BG28:BP28) -> 0 | EX28: =SUM(BG28:BP28) -> 0 | EY28: =SUM(BQ28:BZ28) -> 0 | EZ28: =SUM(CA28:CJ28) -> 0 | FA28: =SUM(CK28:CT28) -> 0 | FB28: =SUM(CU28:DD28) -> 0 | FC28: =SUM(DE28:DN28) -> 0 | FD28: =SUM(DO28:DX28) -> 0 | FE28: =SUM(DY28:EH28) -> 0 | FF28: =SUM(EI28:ER28) -> 0 | FG28: =ROW(FG26) -> 26 | FH28: =SUM(ES28:FF28) -> 0 | FI28: =SUM(I7:ER7)-SUM(ES28:FF28) -> 128 | FJ28: =SUM(FH28:FI28) -> 128
B29: =IF(ISTEXT(D29),1,0) -> 0 | C29: =ROW(D22) -> 22 | G29: 45915 | ES29: =SUM(I29:R29) -> 0 | ET29: =SUM(S29:AB29) -> 0 | EU29: =SUM(AC29:AL29) -> 0 | EV29: =SUM(AM29:AV29) -> 0 | EW29: =SUM(BG29:BP29) -> 0 | EX29: =SUM(BG29:BP29) -> 0 | EY29: =SUM(BQ29:BZ29) -> 0 | EZ29: =SUM(CA29:CJ29) -> 0 | FA29: =SUM(CK29:CT29) -> 0 | FB29: =SUM(CU29:DD29) -> 0 | FC29: =SUM(DE29:DN29) -> 0 | FD29: =SUM(DO29:DX29) -> 0 | FE29: =SUM(DY29:EH29) -> 0 | FF29: =SUM(EI29:ER29) -> 0 | FG29: =ROW(FG27) -> 27 | FH29: =SUM(ES29:FF29) -> 0 | FI29: =SUM(I7:ER7)-SUM(ES29:FF29) -> 128 | FJ29: =SUM(FH29:FI29) -> 128
B30: =IF(ISTEXT(D30),1,0) -> 0 | C30: =ROW(D23) -> 23 | G30: 45915 | ES30: =SUM(I30:R30) -> 0 | ET30: =SUM(S30:AB30) -> 0 | EU30: =SUM(AC30:AL30) -> 0 | EV30: =SUM(AM30:AV30) -> 0 | EW30: =SUM(BG30:BP30) -> 0 | EX30: =SUM(BG30:BP30) -> 0 | EY30: =SUM(BQ30:BZ30) -> 0 | EZ30: =SUM(CA30:CJ30) -> 0 | FA30: =SUM(CK30:CT30) -> 0 | FB30: =SUM(CU30:DD30) -> 0 | FC30: =SUM(DE30:DN30) -> 0 | FD30: =SUM(DO30:DX30) -> 0 | FE30: =SUM(DY30:EH30) -> 0 | FF30: =SUM(EI30:ER30) -> 0 | FG30: =ROW(FG28) -> 28 | FH30: =SUM(ES30:FF30) -> 0 | FI30: =SUM(I7:ER7)-SUM(ES30:FF30) -> 128 | FJ30: =SUM(FH30:FI30) -> 128
B31: =IF(ISTEXT(D31),1,0) -> 0 | C31: =ROW(D24) -> 24 | G31: 45915 | ES31: =SUM(I31:R31) -> 0 | ET31: =SUM(J31:S31) -> 0 | EU31: =SUM(K31:T31) -> 0 | EV31: =SUM(L31:U31) -> 0 | EW31: =SUM(BG31:BP31) -> 0 | EX31: =SUM(N31:W31) -> 0 | EY31: =SUM(O31:X31) -> 0 | EZ31: =SUM(P31:Y31) -> 0 | FA31: =SUM(Q31:Z31) -> 0 | FB31: =SUM(R31:AA31) -> 0 | FC31: =SUM(S31:AB31) -> 0 | FD31: =SUM(T31:AC31) -> 0 | FE31: =SUM(DY31:EH31) -> 0 | FF31: =SUM(EI31:ER31) -> 0 | FG31: =ROW(FG29) -> 29 | FH31: =SUM(ES31:FF31) -> 0 | FI31: =SUM(I7:ER7)-SUM(ES31:FF31) -> 128 | FJ31: =SUM(FH31:FI31) -> 128
B32: =IF(ISTEXT(D32),1,0) -> 0 | C32: =ROW(D25) -> 25 | G32: 45915 | ES32: =SUM(I32:R32) -> 0 | ET32: =SUM(J32:S32) -> 0 | EU32: =SUM(K32:T32) -> 0 | EV32: =SUM(L32:U32) -> 0 | EW32: =SUM(BG32:BP32) -> 0 | EX32: =SUM(N32:W32) -> 0 | EY32: =SUM(O32:X32) -> 0 | EZ32: =SUM(P32:Y32) -> 0 | FA32: =SUM(Q32:Z32) -> 0 | FB32: =SUM(R32:AA32) -> 0 | FC32: =SUM(S32:AB32) -> 0 | FD32: =SUM(T32:AC32) -> 0 | FE32: =SUM(DY32:EH32) -> 0 | FF32: =SUM(EI32:ER32) -> 0 | FG32: =ROW(FG30) -> 30 | FH32: =SUM(ES32:FF32) -> 0 | FI32: =SUM(I7:ER7)-SUM(ES32:FF32) -> 128 | FJ32: =SUM(FH32:FI32) -> 128
B33: =IF(ISTEXT(D33),1,0) -> 0 | C33: =ROW(D26) -> 26 | G33: 45915 | ES33: =SUM(I33:R33) -> 0 | ET33: =SUM(J33:S33) -> 0 | EU33: =SUM(K33:T33) -> 0 | EV33: =SUM(L33:U33) -> 0 | EW33: =SUM(BG33:BP33) -> 0 | EX33: =SUM(N33:W33) -> 0 | EY33: =SUM(O33:X33) -> 0 | EZ33: =SUM(P33:Y33) -> 0 | FA33: =SUM(Q33:Z33) -> 0 | FB33: =SUM(R33:AA33) -> 0 | FC33: =SUM(S33:AB33) -> 0 | FD33: =SUM(T33:AC33) -> 0 | FE33: =SUM(DY33:EH33) -> 0 | FF33: =SUM(EI33:ER33) -> 0 | FG33: =ROW(FG31) -> 31 | FH33: =SUM(ES33:FF33) -> 0 | FI33: =SUM(I7:ER7)-SUM(ES33:FF33) -> 128 | FJ33: =SUM(FH33:FI33) -> 128
B34: =IF(ISTEXT(D34),1,0) -> 0 | C34: =ROW(D27) -> 27 | G34: 45915 | ES34: =SUM(I34:R34) -> 0 | ET34: =SUM(J34:S34) -> 0 | EU34: =SUM(K34:T34) -> 0 | EV34: =SUM(L34:U34) -> 0 | EW34: =SUM(BG34:BP34) -> 0 | EX34: =SUM(N34:W34) -> 0 | EY34: =SUM(O34:X34) -> 0 | EZ34: =SUM(P34:Y34) -> 0 | FA34: =SUM(Q34:Z34) -> 0 | FB34: =SUM(R34:AA34) -> 0 | FC34: =SUM(S34:AB34) -> 0 | FD34: =SUM(T34:AC34) -> 0 | FE34: =SUM(DY34:EH34) -> 0 | FF34: =SUM(EI34:ER34) -> 0 | FG34: =ROW(FG32) -> 32 | FH34: =SUM(ES34:FF34) -> 0 | FI34: =SUM(I7:ER7)-SUM(ES34:FF34) -> 128 | FJ34: =SUM(FH34:FI34) -> 128
B35: =IF(ISTEXT(D35),1,0) -> 0 | C35: =ROW(D28) -> 28 | G35: 45915 | ES35: =SUM(I35:R35) -> 0 | ET35: =SUM(J35:S35) -> 0 | EU35: =SUM(K35:T35) -> 0 | EV35: =SUM(L35:U35) -> 0 | EW35: =SUM(BG35:BP35) -> 0 | EX35: =SUM(N35:W35) -> 0 | EY35: =SUM(O35:X35) -> 0 | EZ35: =SUM(P35:Y35) -> 0 | FA35: =SUM(Q35:Z35) -> 0 | FB35: =SUM(R35:AA35) -> 0 | FC35: =SUM(S35:AB35) -> 0 | FD35: =SUM(T35:AC35) -> 0 | FE35: =SUM(DY35:EH35) -> 0 | FF35: =SUM(EI35:ER35) -> 0 | FG35: =ROW(FG33) -> 33 | FH35: =SUM(ES35:FF35) -> 0 | FI35: =SUM(I7:ER7)-SUM(ES35:FF35) -> 128 | FJ35: =SUM(FH35:FI35) -> 128
B36: =IF(ISTEXT(D36),1,0) -> 0 | C36: =ROW(D29) -> 29 | G36: 45915 | ES36: =SUM(I36:R36) -> 0 | ET36: =SUM(J36:S36) -> 0 | EU36: =SUM(K36:T36) -> 0 | EV36: =SUM(L36:U36) -> 0 | EW36: =SUM(BG36:BP36) -> 0 | EX36: =SUM(N36:W36) -> 0 | EY36: =SUM(O36:X36) -> 0 | EZ36: =SUM(P36:Y36) -> 0 | FA36: =SUM(Q36:Z36) -> 0 | FB36: =SUM(R36:AA36) -> 0 | FC36: =SUM(S36:AB36) -> 0 | FD36: =SUM(T36:AC36) -> 0 | FE36: =SUM(DY36:EH36) -> 0 | FF36: =SUM(EI36:ER36) -> 0 | FG36: =ROW(FG34) -> 34 | FH36: =SUM(ES36:FF36) -> 0 | FI36: =SUM(I7:ER7)-SUM(ES36:FF36) -> 128 | FJ36: =SUM(FH36:FI36) -> 128
B37: =IF(ISTEXT(D37),1,0) -> 0 | C37: =ROW(D30) -> 30 | G37: 45915 | ES37: =SUM(I37:R37) -> 0 | ET37: =SUM(J37:S37) -> 0 | EU37: =SUM(K37:T37) -> 0 | EV37: =SUM(L37:U37) -> 0 | EW37: =SUM(BG37:BP37) -> 0 | EX37: =SUM(N37:W37) -> 0 | EY37: =SUM(O37:X37) -> 0 | EZ37: =SUM(P37:Y37) -> 0 | FA37: =SUM(Q37:Z37) -> 0 | FB37: =SUM(R37:AA37) -> 0 | FC37: =SUM(S37:AB37) -> 0 | FD37: =SUM(T37:AC37) -> 0 | FE37: =SUM(DY37:EH37) -> 0 | FF37: =SUM(EI37:ER37) -> 0 | FG37: =ROW(FG35) -> 35 | FH37: =SUM(ES37:FF37) -> 0 | FI37: =SUM(I7:ER7)-SUM(ES37:FF37) -> 128 | FJ37: =SUM(FH37:FI37) -> 128
B38: =IF(ISTEXT(D38),1,0) -> 0 | C38: =ROW(D31) -> 31 | G38: 45915 | ES38: =SUM(I38:R38) -> 0 | ET38: =SUM(J38:S38) -> 0 | EU38: =SUM(K38:T38) -> 0 | EV38: =SUM(L38:U38) -> 0 | EW38: =SUM(BG38:BP38) -> 0 | EX38: =SUM(N38:W38) -> 0 | EY38: =SUM(O38:X38) -> 0 | EZ38: =SUM(P38:Y38) -> 0 | FA38: =SUM(Q38:Z38) -> 0 | FB38: =SUM(R38:AA38) -> 0 | FC38: =SUM(S38:AB38) -> 0 | FD38: =SUM(T38:AC38) -> 0 | FE38: =SUM(DY38:EH38) -> 0 | FF38: =SUM(EI38:ER38) -> 0 | FG38: =ROW(FG36) -> 36 | FH38: =SUM(ES38:FF38) -> 0 | FI38: =SUM(I7:ER7)-SUM(ES38:FF38) -> 128 | FJ38: =SUM(FH38:FI38) -> 128
B39: =IF(ISTEXT(D39),1,0) -> 0 | C39: =ROW(D32) -> 32 | G39: 45915 | ES39: =SUM(I39:R39) -> 0 | ET39: =SUM(J39:S39) -> 0 | EU39: =SUM(K39:T39) -> 0 | EV39: =SUM(L39:U39) -> 0 | EW39: =SUM(BG39:BP39) -> 0 | EX39: =SUM(N39:W39) -> 0 | EY39: =SUM(O39:X39) -> 0 | EZ39: =SUM(P39:Y39) -> 0 | FA39: =SUM(Q39:Z39) -> 0 | FB39: =SUM(R39:AA39) -> 0 | FC39: =SUM(S39:AB39) -> 0 | FD39: =SUM(T39:AC39) -> 0 | FE39: =SUM(DY39:EH39) -> 0 | FF39: =SUM(EI39:ER39) -> 0 | FG39: =ROW(FG37) -> 37 | FH39: =SUM(ES39:FF39) -> 0 | FI39: =SUM(I7:ER7)-SUM(ES39:FF39) -> 128 | FJ39: =SUM(FH39:FI39) -> 128
B40: =IF(ISTEXT(D40),1,0) -> 0 | C40: =ROW(D33) -> 33 | G40: 45915 | ES40: =SUM(I40:R40) -> 0 | ET40: =SUM(J40:S40) -> 0 | EU40: =SUM(K40:T40) -> 0 | EV40: =SUM(L40:U40) -> 0 | EW40: =SUM(BG40:BP40) -> 0 | EX40: =SUM(N40:W40) -> 0 | EY40: =SUM(O40:X40) -> 0 | EZ40: =SUM(P40:Y40) -> 0 | FA40: =SUM(Q40:Z40) -> 0 | FB40: =SUM(R40:AA40) -> 0 | FC40: =SUM(S40:AB40) -> 0 | FD40: =SUM(T40:AC40) -> 0 | FE40: =SUM(DY40:EH40) -> 0 | FF40: =SUM(EI40:ER40) -> 0 | FG40: =ROW(FG38) -> 38 | FH40: =SUM(ES40:FF40) -> 0 | FI40: =SUM(I7:ER7)-SUM(ES40:FF40) -> 128 | FJ40: =SUM(FH40:FI40) -> 128
B41: =IF(ISTEXT(D41),1,0) -> 0 | C41: =ROW(D34) -> 34 | G41: 45915 | ES41: =SUM(I41:R41) -> 0 | ET41: =SUM(J41:S41) -> 0 | EU41: =SUM(K41:T41) -> 0 | EV41: =SUM(L41:U41) -> 0 | EW41: =SUM(BG41:BP41) -> 0 | EX41: =SUM(N41:W41) -> 0 | EY41: =SUM(O41:X41) -> 0 | EZ41: =SUM(P41:Y41) -> 0 | FA41: =SUM(Q41:Z41) -> 0 | FB41: =SUM(R41:AA41) -> 0 | FC41: =SUM(S41:AB41) -> 0 | FD41: =SUM(T41:AC41) -> 0 | FE41: =SUM(DY41:EH41) -> 0 | FF41: =SUM(EI41:ER41) -> 0 | FG41: =ROW(FG39) -> 39 | FH41: =SUM(ES41:FF41) -> 0 | FI41: =SUM(I7:ER7)-SUM(ES41:FF41) -> 128 | FJ41: =SUM(FH41:FI41) -> 128
B42: =IF(ISTEXT(D42),1,0) -> 0 | C42: =ROW(D35) -> 35 | G42: 45915 | ES42: =SUM(I42:R42) -> 0 | ET42: =SUM(J42:S42) -> 0 | EU42: =SUM(K42:T42) -> 0 | EV42: =SUM(L42:U42) -> 0 | EW42: =SUM(BG42:BP42) -> 0 | EX42: =SUM(N42:W42) -> 0 | EY42: =SUM(O42:X42) -> 0 | EZ42: =SUM(P42:Y42) -> 0 | FA42: =SUM(Q42:Z42) -> 0 | FB42: =SUM(R42:AA42) -> 0 | FC42: =SUM(S42:AB42) -> 0 | FD42: =SUM(T42:AC42) -> 0 | FE42: =SUM(DY42:EH42) -> 0 | FF42: =SUM(EI42:ER42) -> 0 | FG42: =ROW(FG40) -> 40 | FH42: =SUM(ES42:FF42) -> 0 | FI42: =SUM(I7:ER7)-SUM(ES42:FF42) -> 128 | FJ42: =SUM(FH42:FI42) -> 128
B43: =IF(ISTEXT(D43),1,0) -> 0 | C43: =ROW(D36) -> 36 | G43: 45915 | ES43: =SUM(I43:R43) -> 0 | ET43: =SUM(J43:S43) -> 0 | EU43: =SUM(K43:T43) -> 0 | EV43: =SUM(L43:U43) -> 0 | EW43: =SUM(BG43:BP43) -> 0 | EX43: =SUM(N43:W43) -> 0 | EY43: =SUM(O43:X43) -> 0 | EZ43: =SUM(P43:Y43) -> 0 | FA43: =SUM(Q43:Z43) -> 0 | FB43: =SUM(R43:AA43) -> 0 | FC43: =SUM(S43:AB43) -> 0 | FD43: =SUM(T43:AC43) -> 0 | FE43: =SUM(DY43:EH43) -> 0 | FF43: =SUM(EI43:ER43) -> 0 | FG43: =ROW(FG41) -> 41 | FH43: =SUM(ES43:FF43) -> 0 | FI43: =SUM(I7:ER7)-SUM(ES43:FF43) -> 128 | FJ43: =SUM(FH43:FI43) -> 128
B44: =IF(ISTEXT(D44),1,0) -> 0 | C44: =ROW(D37) -> 37 | G44: 45915 | ES44: =SUM(I44:R44) -> 0 | ET44: =SUM(J44:S44) -> 0 | EU44: =SUM(K44:T44) -> 0 | EV44: =SUM(L44:U44) -> 0 | EW44: =SUM(BG44:BP44) -> 0 | EX44: =SUM(N44:W44) -> 0 | EY44: =SUM(O44:X44) -> 0 | EZ44: =SUM(P44:Y44) -> 0 | FA44: =SUM(Q44:Z44) -> 0 | FB44: =SUM(R44:AA44) -> 0 | FC44: =SUM(S44:AB44) -> 0 | FD44: =SUM(T44:AC44) -> 0 | FE44: =SUM(DY44:EH44) -> 0 | FF44: =SUM(EI44:ER44) -> 0 | FG44: =ROW(FG42) -> 42 | FH44: =SUM(ES44:FF44) -> 0 | FI44: =SUM(I7:ER7)-SUM(ES44:FF44) -> 128 | FJ44: =SUM(FH44:FI44) -> 128
B45: =IF(ISTEXT(D45),1,0) -> 0 | C45: =ROW(D38) -> 38 | G45: 45915 | ES45: =SUM(I45:R45) -> 0 | ET45: =SUM(J45:S45) -> 0 | EU45: =SUM(K45:T45) -> 0 | EV45: =SUM(L45:U45) -> 0 | EW45: =SUM(BG45:BP45) -> 0 | EX45: =SUM(N45:W45) -> 0 | EY45: =SUM(O45:X45) -> 0 | EZ45: =SUM(P45:Y45) -> 0 | FA45: =SUM(Q45:Z45) -> 0 | FB45: =SUM(R45:AA45) -> 0 | FC45: =SUM(S45:AB45) -> 0 | FD45: =SUM(T45:AC45) -> 0 | FE45: =SUM(DY45:EH45) -> 0 | FF45: =SUM(EI45:ER45) -> 0 | FG45: =ROW(FG43) -> 43 | FH45: =SUM(ES45:FF45) -> 0 | FI45: =SUM(I7:ER7)-SUM(ES45:FF45) -> 128 | FJ45: =SUM(FH45:FI45) -> 128
B46: =IF(ISTEXT(D46),1,0) -> 0 | C46: =ROW(D39) -> 39 | G46: 45915 | ES46: =SUM(I46:R46) -> 0 | ET46: =SUM(J46:S46) -> 0 | EU46: =SUM(K46:T46) -> 0 | EV46: =SUM(L46:U46) -> 0 | EW46: =SUM(BG46:BP46) -> 0 | EX46: =SUM(N46:W46) -> 0 | EY46: =SUM(O46:X46) -> 0 | EZ46: =SUM(P46:Y46) -> 0 | FA46: =SUM(Q46:Z46) -> 0 | FB46: =SUM(R46:AA46) -> 0 | FC46: =SUM(S46:AB46) -> 0 | FD46: =SUM(T46:AC46) -> 0 | FE46: =SUM(DY46:EH46) -> 0 | FF46: =SUM(EI46:ER46) -> 0 | FG46: =ROW(FG44) -> 44 | FH46: =SUM(ES46:FF46) -> 0 | FI46: =SUM(I7:ER7)-SUM(ES46:FF46) -> 128 | FJ46: =SUM(FH46:FI46) -> 128
B47: =IF(ISTEXT(D47),1,0) -> 0 | C47: =ROW(D40) -> 40 | G47: 45915 | ES47: =SUM(I47:R47) -> 0 | ET47: =SUM(J47:S47) -> 0 | EU47: =SUM(K47:T47) -> 0 | EV47: =SUM(L47:U47) -> 0 | EW47: =SUM(BG47:BP47) -> 0 | EX47: =SUM(N47:W47) -> 0 | EY47: =SUM(O47:X47) -> 0 | EZ47: =SUM(P47:Y47) -> 0 | FA47: =SUM(Q47:Z47) -> 0 | FB47: =SUM(R47:AA47) -> 0 | FC47: =SUM(S47:AB47) -> 0 | FD47: =SUM(T47:AC47) -> 0 | FE47: =SUM(DY47:EH47) -> 0 | FF47: =SUM(EI47:ER47) -> 0 | FG47: =ROW(FG45) -> 45 | FH47: =SUM(ES47:FF47) -> 0 | FI47: =SUM(I7:ER7)-SUM(ES47:FF47) -> 128 | FJ47: =SUM(FH47:FI47) -> 128
B48: =IF(ISTEXT(D48),1,0) -> 0 | C48: =ROW(D41) -> 41 | G48: 45915 | ES48: =SUM(I48:R48) -> 0 | ET48: =SUM(J48:S48) -> 0 | EU48: =SUM(K48:T48) -> 0 | EV48: =SUM(L48:U48) -> 0 | EW48: =SUM(BG48:BP48) -> 0 | EX48: =SUM(N48:W48) -> 0 | EY48: =SUM(O48:X48) -> 0 | EZ48: =SUM(P48:Y48) -> 0 | FA48: =SUM(Q48:Z48) -> 0 | FB48: =SUM(R48:AA48) -> 0 | FC48: =SUM(S48:AB48) -> 0 | FD48: =SUM(T48:AC48) -> 0 | FE48: =SUM(DY48:EH48) -> 0 | FF48: =SUM(EI48:ER48) -> 0 | FG48: =ROW(FG46) -> 46 | FH48: =SUM(ES48:FF48) -> 0 | FI48: =SUM(I7:ER7)-SUM(ES48:FF48) -> 128 | FJ48: =SUM(FH48:FI48) -> 128
B49: =IF(ISTEXT(D49),1,0) -> 0 | C49: =ROW(D42) -> 42 | G49: 45915 | ES49: =SUM(I49:R49) -> 0 | ET49: =SUM(J49:S49) -> 0 | EU49: =SUM(K49:T49) -> 0 | EV49: =SUM(L49:U49) -> 0 | EW49: =SUM(BG49:BP49) -> 0 | EX49: =SUM(N49:W49) -> 0 | EY49: =SUM(O49:X49) -> 0 | EZ49: =SUM(P49:Y49) -> 0 | FA49: =SUM(Q49:Z49) -> 0 | FB49: =SUM(R49:AA49) -> 0 | FC49: =SUM(S49:AB49) -> 0 | FD49: =SUM(T49:AC49) -> 0 | FE49: =SUM(DY49:EH49) -> 0 | FF49: =SUM(EI49:ER49) -> 0 | FG49: =ROW(FG47) -> 47 | FH49: =SUM(ES49:FF49) -> 0 | FI49: =SUM(I7:ER7)-SUM(ES49:FF49) -> 128 | FJ49: =SUM(FH49:FI49) -> 128
B50: =IF(ISTEXT(D50),1,0) -> 0 | C50: =ROW(D43) -> 43 | G50: 45915 | ES50: =SUM(I50:R50) -> 0 | ET50: =SUM(J50:S50) -> 0 | EU50: =SUM(K50:T50) -> 0 | EV50: =SUM(L50:U50) -> 0 | EW50: =SUM(BG50:BP50) -> 0 | EX50: =SUM(N50:W50) -> 0 | EY50: =SUM(O50:X50) -> 0 | EZ50: =SUM(P50:Y50) -> 0 | FA50: =SUM(Q50:Z50) -> 0 | FB50: =SUM(R50:AA50) -> 0 | FC50: =SUM(S50:AB50) -> 0 | FD50: =SUM(T50:AC50) -> 0 | FE50: =SUM(DY50:EH50) -> 0 | FF50: =SUM(EI50:ER50) -> 0 | FG50: =ROW(FG48) -> 48 | FH50: =SUM(ES50:FF50) -> 0 | FI50: =SUM(I7:ER7)-SUM(ES50:FF50) -> 128 | FJ50: =SUM(FH50:FI50) -> 128
B51: =IF(ISTEXT(D51),1,0) -> 0 | C51: =ROW(D44) -> 44 | G51: 45915 | ES51: =SUM(I51:R51) -> 0 | ET51: =SUM(J51:S51) -> 0 | EU51: =SUM(K51:T51) -> 0 | EV51: =SUM(L51:U51) -> 0 | EW51: =SUM(BG51:BP51) -> 0 | EX51: =SUM(N51:W51) -> 0 | EY51: =SUM(O51:X51) -> 0 | EZ51: =SUM(P51:Y51) -> 0 | FA51: =SUM(Q51:Z51) -> 0 | FB51: =SUM(R51:AA51) -> 0 | FC51: =SUM(S51:AB51) -> 0 | FD51: =SUM(T51:AC51) -> 0 | FE51: =SUM(DY51:EH51) -> 0 | FF51: =SUM(EI51:ER51) -> 0 | FG51: =ROW(FG49) -> 49 | FH51: =SUM(ES51:FF51) -> 0 | FI51: =SUM(I7:ER7)-SUM(ES51:FF51) -> 128 | FJ51: =SUM(FH51:FI51) -> 128
B52: =IF(ISTEXT(D52),1,0) -> 0 | C52: =ROW(D45) -> 45 | G52: 45915 | ES52: =SUM(I52:R52) -> 0 | ET52: =SUM(J52:S52) -> 0 | EU52: =SUM(K52:T52) -> 0 | EV52: =SUM(L52:U52) -> 0 | EW52: =SUM(BG52:BP52) -> 0 | EX52: =SUM(N52:W52) -> 0 | EY52: =SUM(O52:X52) -> 0 | EZ52: =SUM(P52:Y52) -> 0 | FA52: =SUM(Q52:Z52) -> 0 | FB52: =SUM(R52:AA52) -> 0 | FC52: =SUM(S52:AB52) -> 0 | FD52: =SUM(T52:AC52) -> 0 | FE52: =SUM(DY52:EH52) -> 0 | FF52: =SUM(EI52:ER52) -> 0 | FG52: =ROW(FG50) -> 50 | FH52: =SUM(ES52:FF52) -> 0 | FI52: =SUM(I7:ER7)-SUM(ES52:FF52) -> 128 | FJ52: =SUM(FH52:FI52) -> 128
B53: =IF(ISTEXT(D53),1,0) -> 0 | C53: =ROW(D46) -> 46 | G53: 45915 | ES53: =SUM(I53:R53) -> 0 | ET53: =SUM(J53:S53) -> 0 | EU53: =SUM(K53:T53) -> 0 | EV53: =SUM(L53:U53) -> 0 | EW53: =SUM(BG53:BP53) -> 0 | EX53: =SUM(N53:W53) -> 0 | EY53: =SUM(O53:X53) -> 0 | EZ53: =SUM(P53:Y53) -> 0 | FA53: =SUM(Q53:Z53) -> 0 | FB53: =SUM(R53:AA53) -> 0 | FC53: =SUM(S53:AB53) -> 0 | FD53: =SUM(T53:AC53) -> 0 | FE53: =SUM(DY53:EH53) -> 0 | FF53: =SUM(EI53:ER53) -> 0 | FG53: =ROW(FG51) -> 51 | FH53: =SUM(ES53:FF53) -> 0 | FI53: =SUM(I7:ER7)-SUM(ES53:FF53) -> 128 | FJ53: =SUM(FH53:FI53) -> 128
B54: =IF(ISTEXT(D54),1,0) -> 0 | C54: =ROW(D47) -> 47 | G54: 45915 | ES54: =SUM(I54:R54) -> 0 | ET54: =SUM(J54:S54) -> 0 | EU54: =SUM(K54:T54) -> 0 | EV54: =SUM(L54:U54) -> 0 | EW54: =SUM(BG54:BP54) -> 0 | EX54: =SUM(N54:W54) -> 0 | EY54: =SUM(O54:X54) -> 0 | EZ54: =SUM(P54:Y54) -> 0 | FA54: =SUM(Q54:Z54) -> 0 | FB54: =SUM(R54:AA54) -> 0 | FC54: =SUM(S54:AB54) -> 0 | FD54: =SUM(T54:AC54) -> 0 | FE54: =SUM(DY54:EH54) -> 0 | FF54: =SUM(EI54:ER54) -> 0 | FG54: =ROW(FG52) -> 52 | FH54: =SUM(ES54:FF54) -> 0 | FI54: =SUM(I7:ER7)-SUM(ES54:FF54) -> 128 | FJ54: =SUM(FH54:FI54) -> 128
B55: =IF(ISTEXT(D55),1,0) -> 0 | C55: =ROW(D48) -> 48 | G55: 45915 | ES55: =SUM(I55:R55) -> 0 | ET55: =SUM(J55:S55) -> 0 | EU55: =SUM(K55:T55) -> 0 | EV55: =SUM(L55:U55) -> 0 | EW55: =SUM(BG55:BP55) -> 0 | EX55: =SUM(N55:W55) -> 0 | EY55: =SUM(O55:X55) -> 0 | EZ55: =SUM(P55:Y55) -> 0 | FA55: =SUM(Q55:Z55) -> 0 | FB55: =SUM(R55:AA55) -> 0 | FC55: =SUM(S55:AB55) -> 0 | FD55: =SUM(T55:AC55) -> 0 | FE55: =SUM(DY55:EH55) -> 0 | FF55: =SUM(EI55:ER55) -> 0 | FG55: =ROW(FG53) -> 53 | FH55: =SUM(ES55:FF55) -> 0 | FI55: =SUM(I7:ER7)-SUM(ES55:FF55) -> 128 | FJ55: =SUM(FH55:FI55) -> 128
B56: =IF(ISTEXT(D56),1,0) -> 0 | C56: =ROW(D49) -> 49 | G56: 45915 | ES56: =SUM(I56:R56) -> 0 | ET56: =SUM(J56:S56) -> 0 | EU56: =SUM(K56:T56) -> 0 | EV56: =SUM(L56:U56) -> 0 | EW56: =SUM(BG56:BP56) -> 0 | EX56: =SUM(N56:W56) -> 0 | EY56: =SUM(O56:X56) -> 0 | EZ56: =SUM(P56:Y56) -> 0 | FA56: =SUM(Q56:Z56) -> 0 | FB56: =SUM(R56:AA56) -> 0 | FC56: =SUM(S56:AB56) -> 0 | FD56: =SUM(T56:AC56) -> 0 | FE56: =SUM(DY56:EH56) -> 0 | FF56: =SUM(EI56:ER56) -> 0 | FG56: =ROW(FG54) -> 54 | FH56: =SUM(ES56:FF56) -> 0 | FI56: =SUM(I7:ER7)-SUM(ES56:FF56) -> 128 | FJ56: =SUM(FH56:FI56) -> 128
B57: =IF(ISTEXT(D57),1,0) -> 0 | C57: =ROW(D50) -> 50 | G57: 45915
D59: FOR GIRLS ONLY( WITH RED INK)
B60: =IF(ISTEXT(D60),1,0) -> 1 | C60: =ROW(D1) -> 1 | D60: ADEDAYO EBUNOLUWA | F60: 16 | G60: 45915 | I60: 0 | J60: 0 | K60: 0 | L60: 0 | M60: 0 | N60: 0 | O60: 0 | P60: 0 | Q60: 0 | R60: 0 | S60: 1 | T60: 1 | U60: 1 | V60: 1 | W60: 1 | X60: 1 | Y60: 1 | Z60: 1 | AA60: 1 | AB60: 1 | AC60: 1 | AD60: 1 | AE60: 1 | AF60: 1 | AI60: 1 | AJ60: 1 | AK60: 1 | AL60: 1 | AM60: 1 | AN60: 1 | AO60: 1 | AP60: 1 | AQ60: 1 | AR60: 1 | AS60: 1 | AT60: 1 | AU60: 1 | AV60: 1 | AW60: 1 | AX60: 1 | AY60: 1 | AZ60: 1 | BA60: 1 | BB60: 1 | BC60: 1 | BD60: 1 | BE60: 1 | BF60: 1 | BG60: 1 | BH60: 1 | BI60: 1 | BJ60: 1 | BK60: 1 | BL60: 1 | BM60: 1 | BN60: 1 | BO60: 1 | BP60: 1 | BQ60: 1 | BR60: 1 | BS60: 1 | BT60: 1 | BU60: 1 | BV60: 1 | BW60: 1 | BX60: 1 | BY60: 1 | BZ60: 1 | CK60: 1 | CL60: 1 | CM60: 1 | CN60: 1 | CO60: 1 | CP60: 1 | CQ60: 1 | CR60: 1 | CS60: 1 | CT60: 1 | CU60: 1 | CV60: 1 | CW60: 0 | CX60: 0 | CY60: 1 | CZ60: 1 | DA60: 1 | DB60: 1 | DC60: 1 | DD60: 1 | DE60: 1 | DF60: 1 | DG60: 1 | DH60: 1 | DI60: 1 | DJ60: 1 | DK60: 1 | DL60: 1 | DM60: 1 | DN60: 1 | DO60: 1 | DP60: 1 | DQ60: 1 | DR60: 1 | DS60: 1 | DT60: 1 | DU60: 1 | DV60: 1 | DW60: 1 | DX60: 1 | DY60: 1 | DZ60: 1 | EA60: 1 | EB60: 1 | EC60: 1 | ED60: 1 | EE60: 1 | EF60: 1 | EG60: 1 | EH60: 1 | EI60: 1 | EJ60: 1 | EK60: 1 | EL60: 1 | EM60: 1 | EN60: 1 | EO60: 1 | EP60: 1 | EQ60: 1 | ER60: 1 | ES60: =SUM(I60:R60) -> 0 | ET60: =SUM(S60:AB60) -> 10 | EU60: =SUM(AC60:AL60) -> 8 | EV60: =SUM(AM60:AV60) -> 10 | EW60: =SUM(AX60:BF60) -> 9 | EX60: =SUM(BG60:BP60) -> 10 | EY60: =SUM(BQ60:BZ60) -> 10 | EZ60: =SUM(CA60:CJ60) -> 0 | FA60: =SUM(CK60:CT60) -> 10 | FB60: =SUM(CU60:DD60) -> 8 | FC60: =SUM(DE60:DN60) -> 10 | FD60: =SUM(DO60:DX60) -> 10 | FE60: =SUM(DY60:EH60) -> 10 | FF60: =SUM(EI60:ER60) -> 10 | FG60: =ROW(FG30) -> 30 | FH60: =SUM(ES60:FF60) -> 115 | FI60: =SUM(I7:ER7)-SUM(ES60:FF60) -> 13 | FJ60: =SUM(FH60:FI60) -> 128
